id,file_path,file_name,title,authors,pages,file_size_bytes,sha256,extracted_at_utc
1,0x_white_paper.pdf,0x_white_paper.pdf,0x white paper,,,319570,08d86f1ae26171ff7e7a3be1577a4f7e77911cfee6700d9c24c9d8f8c2971e89,2026-05-09T16:02:18.817032+00:00
2,20160404-XBRLUS-Blockchain.pdf,20160404-XBRLUS-Blockchain.pdf,20160404 XBRLUS Blockchain,,,10808841,dd17291230bfb167d14c46eecaf3af847607750d6009a053577a02636bfcde31,2026-05-09T16:02:18.817032+00:00
3,3Party-OW-iftach.pdf,3Party-OW-iftach.pdf,3Party OW iftach,,,3302491,cc5c1079e656f0e34719835bcbcbc2ea4d2b2f50a36cf1a16b904d84744f4d97,2026-05-09T16:02:18.817032+00:00
4,3dsecure.pdf,3dsecure.pdf,3dsecure,,,163372,33605a191bef2ae2a3efc3f4bbf909cd7d101bbb7b8372232d973bb4c0a7b0aa,2026-05-09T16:02:18.817032+00:00
5,A Brief Survey of Cryptocurrency Systems.pdf,A Brief Survey of Cryptocurrency Systems.pdf,A Brief Survey of Cryptocurrency Systems,,,591814,5466288a5ef0163a5f37b798c98d22c0891fd40c16e89d5173f2bc459923f597,2026-05-09T16:02:18.817032+00:00
6,A Decentralized Noise Pollution Monitoring.pdf,A Decentralized Noise Pollution Monitoring.pdf,A Decentralized Noise Pollution Monitoring,,,409905,3edd3f2ec0b3ad9f2bc6a60783d049631fe28a6ae4ab0a418ca22d906036bf23,2026-05-09T16:02:18.817032+00:00
7,A Dissection of Bitcoin - Paul Huang.pdf,A Dissection of Bitcoin - Paul Huang.pdf,A Dissection of Bitcoin Paul Huang,,,895173,4b417dd77aadbf2228d30540bf5e1b81157c8a9a2749a3b52a8f5f37f8c2f340,2026-05-09T16:02:18.817032+00:00
8,A Fast and Scalable Cryptocurrency Protocol.pdf,A Fast and Scalable Cryptocurrency Protocol.pdf,A Fast and Scalable Cryptocurrency Protocol,,,574166,34d97db134879580aceb3f55ccf665e740cf344ae598bb15d528ea412a77f88a,2026-05-09T16:02:18.817032+00:00
9,A Key Backup Scheme Based on Bitcoin.pdf,A Key Backup Scheme Based on Bitcoin.pdf,A Key Backup Scheme Based on Bitcoin,,,251866,9fcd6511a4e20cc3c20129cb98e45c44ca272f7e96d54689189954fbb250f236,2026-05-09T16:02:18.817032+00:00
10,A New Look at the Refund Mechanism in the bitcoin payment protocol.pdf,A New Look at the Refund Mechanism in the bitcoin payment protocol.pdf,A New Look at the Refund Mechanism in the bitcoin payment protocol,,,504804,a394ffe475241249fbd6601d3cb3f57682fd256b45091ff9e4e8c24d554e9a8a,2026-05-09T16:02:18.817032+00:00
11,A Novel Method for Decentralised Peer-to-Peer Software License.pdf,A Novel Method for Decentralised Peer-to-Peer Software License.pdf,A Novel Method for Decentralised Peer to Peer Software License,,,1216237,4c7c8d19acd46abd9a8ea5b266628b4de5275974ce609b091b1e0247870e1266,2026-05-09T16:02:18.817032+00:00
12,A Privacy-preserving Community-based P2P OSNs.pdf,A Privacy-preserving Community-based P2P OSNs.pdf,A Privacy preserving Community based P2P OSNs,,,1053264,07a870c472882531328603ae753619d23690d37bf1ffa1d60cc987dc9eb5f800,2026-05-09T16:02:18.817032+00:00
13,A Programmer’s Guide to Ethereum and Serpent.pdf,A Programmer’s Guide to Ethereum and Serpent.pdf,A Programmer’s Guide to Ethereum and Serpent,,,161255,5b3f6161670a7b2cc39a4a4a065528a65ef003102c8b6290212e63ab92f70268,2026-05-09T16:02:18.817032+00:00
14,A Proof-of-Stake protocol for bitcoin subchains.pdf,A Proof-of-Stake protocol for bitcoin subchains.pdf,A Proof of Stake protocol for bitcoin subchains,,,415735,fdea94eecd13097c9b72a598b3abef028cb861ab6e53c989cc5b23d06b9117a1,2026-05-09T16:02:18.817032+00:00
15,A Provably Secure Proof-of-Stake Blockchain Protocol.pdf,A Provably Secure Proof-of-Stake Blockchain Protocol.pdf,A Provably Secure Proof of Stake Blockchain Protocol,,,403251,94fec2bde1477ee16ef10f00b403c912357f13143eb18769bac52637a94a963c,2026-05-09T16:02:18.817032+00:00
16,A Secure Sharding Protocol For Open Blockchains.pdf,A Secure Sharding Protocol For Open Blockchains.pdf,A Secure Sharding Protocol For Open Blockchains,,,470900,2f92b9de4590074cab56978db0d4de2815442b5329137d49f134a0112f08cc45,2026-05-09T16:02:18.817032+00:00
17,A Survey of Distributed Consensus Protocols for Blockchain.pdf,A Survey of Distributed Consensus Protocols for Blockchain.pdf,A Survey of Distributed Consensus Protocols for Blockchain,,,4645286,764a983e93753c0e0f9eec5d8cc4313a7d3f4ecea794e22378ed00e5cc869f19,2026-05-09T16:02:18.817032+00:00
18,A Survey of Distributed Message Broker Queues.pdf,A Survey of Distributed Message Broker Queues.pdf,A Survey of Distributed Message Broker Queues,,,675067,efede125e06f45cde0d519952923cb090c4a1259e8aad6716c44fd62bb89bcee,2026-05-09T16:02:18.817032+00:00
19,A Survey on Consensus Mechanisms.pdf,A Survey on Consensus Mechanisms.pdf,A Survey on Consensus Mechanisms,,,2591864,11d97944fbd9a2f4429a4a88bd34ef41716bea61acd1d19b211deca84a9685de,2026-05-09T16:02:18.817032+00:00
20,A Survey on Security and Privacy Issues of Bitcoin.pdf,A Survey on Security and Privacy Issues of Bitcoin.pdf,A Survey on Security and Privacy Issues of Bitcoin,,,950291,8082063ee8d0e0cf53721d4363f998c0a9b84a7e274bb17c03a1510f851e71de,2026-05-09T16:02:18.817032+00:00
21,A Technical Survey on Decentralized Digital Currencies.pdf,A Technical Survey on Decentralized Digital Currencies.pdf,A Technical Survey on Decentralized Digital Currencies,,,722915,840420097c5deb295951c438b5d587ca55b4847311e702925629d1b4fe3e4abb,2026-05-09T16:02:18.817032+00:00
22,A closer look at SQRL.pdf,A closer look at SQRL.pdf,A closer look at SQRL,,,592317,dca9384cbef887a491d4bf2ef59c901957069dbf55ce0df0263fabb14b9112b4,2026-05-09T16:02:18.817032+00:00
23,A multi-party protocol for constructing the public parameters of the Pinocchio zk-SNARK.pdf,A multi-party protocol for constructing the public parameters of the Pinocchio zk-SNARK.pdf,A multi party protocol for constructing the public parameters of the Pinocchio zk SNARK,,,431433,a3b1b014f36e7637fb6e70292b8c400b51e66ba1fd2746f56d58eda8eed24e9b,2026-05-09T16:02:18.817032+00:00
24,AFullyHomomorphicSchema_craig-paper.pdf,AFullyHomomorphicSchema_craig-paper.pdf,AFullyHomomorphicSchema craig paper,,,201016,0006d958c6c7f6772c27346d1535fe6c870660646038310eb1a00d7fe9cb7569,2026-05-09T16:02:18.817032+00:00
25,AFullyHomomorphicSchema_craig-thesis.pdf,AFullyHomomorphicSchema_craig-thesis.pdf,AFullyHomomorphicSchema craig thesis,,,952183,9e7f32f1b8543416fc6c2fcbfedd5d2d69150226b9bbd2cccac57840a5db7b66,2026-05-09T16:02:18.817032+00:00
26,A_Distributed_Public_Key_Infrastructure_for_the_Web_Backed_by_a_Blockchain.pdf,A_Distributed_Public_Key_Infrastructure_for_the_Web_Backed_by_a_Blockchain.pdf,A Distributed Public Key Infrastructure for the Web Backed by a Blockchain,,,2359260,7d22abeedd4b8164a5192dac28f474ba518406cfcbdd7ebd39f34bec251301d8,2026-05-09T16:02:18.817032+00:00
27,An Inquiry into Money Laundering Tools.pdf,An Inquiry into Money Laundering Tools.pdf,An Inquiry into Money Laundering Tools,,,3386066,44b0c0827f87a68c211632f5dfedd08ab95bb78b4cd6e27ecc5b3241bea01eff,2026-05-09T16:02:18.817032+00:00
28,An Ultra-low Latency and Failure Resilient Distributed File System for Shared Storage Cloud Database.pdf,An Ultra-low Latency and Failure Resilient Distributed File System for Shared Storage Cloud Database.pdf,An Ultra low Latency and Failure Resilient Distributed File System for Shared Storage Cloud Database,,,1805179,ca27e619ad24d9d24cc0d20dcd0fe43e70deeaf7e324a6eaba7524c71b3092f4,2026-05-09T16:02:18.817032+00:00
29,An empirical analysis of smart contracts.pdf,An empirical analysis of smart contracts.pdf,An empirical analysis of smart contracts,,,227579,352e5662df42de17d1dda75f17bd6728131e3c45d44c451059ca06389c3c183e,2026-05-09T16:02:18.817032+00:00
30,Analysis of hashrate-based double-spending.pdf,Analysis of hashrate-based double-spending.pdf,Analysis of hashrate based double spending,,,298985,b09f07af51eb57e6fc817cb81f9ab5bd11065ce02cff0656f8f20951e16cad70,2026-05-09T16:02:18.817032+00:00
31,Analysis of the Bitcoin UTXO set.pdf,Analysis of the Bitcoin UTXO set.pdf,Analysis of the Bitcoin UTXO set,,,1141788,9628f1d2c33a2be2c9e27bec39f7acd7fb3e428a45566066f6ef4e3e8ae50c0e,2026-05-09T16:02:18.817032+00:00
32,Analysis of the Blockchain Protocol in Asynchronous Networks.pdf,Analysis of the Blockchain Protocol in Asynchronous Networks.pdf,Analysis of the Blockchain Protocol in Asynchronous Networks,,,558097,fa72316e3ea4f8a539fda7016e78efd0103292398648669577249474914bdbfe,2026-05-09T16:02:18.817032+00:00
33,Andrew_Keys.pdf,Andrew_Keys.pdf,Andrew Keys,,,2737523,165ce581f2776bf1aac1eb284c29c11c937a29b2d75e84e3f443b2fdf75cd245,2026-05-09T16:02:18.817032+00:00
34,Anonymity of Bitcoin Transactions.pdf,Anonymity of Bitcoin Transactions.pdf,Anonymity of Bitcoin Transactions,,,4119849,e1f7fa204070e6dd5317be7d96e9cb261827b28014be8f8cdd41d6708c7d88fc,2026-05-09T16:02:18.817032+00:00
35,Anonymous Byzantine Consensus.pdf,Anonymous Byzantine Consensus.pdf,Anonymous Byzantine Consensus,,,280355,dfaac0d446e850950b5c75e71162c212955f16fd8c64d6a2fd9b81ba3780ff8a,2026-05-09T16:02:18.817032+00:00
36,Anonymous-Identities-for-Permissioned-Blockchains2.pdf,Anonymous-Identities-for-Permissioned-Blockchains2.pdf,Anonymous Identities for Permissioned Blockchains2,,,409398,94d56f0abde68601a515be06a5963c065edb0f45f5be916dbae78ddb9d03bf5b,2026-05-09T16:02:18.817032+00:00
37,Application of the Blockchain For Authentication.pdf,Application of the Blockchain For Authentication.pdf,Application of the Blockchain For Authentication,,,119126,d5192f4daa2d99af71cf2764f430c3da78a6390401ea30afe22d43d865fce138,2026-05-09T16:02:18.817032+00:00
38,Architecture of the Hyperledger Blockchain Fabric.pdf,Architecture of the Hyperledger Blockchain Fabric.pdf,Architecture of the Hyperledger Blockchain Fabric,,,98976,cfb0456550052cc73f7622df758750409cb540467adcb80cc95a071959b868e7,2026-05-09T16:02:18.817032+00:00
39,ArchitectureoftheHyperledge.pdf,ArchitectureoftheHyperledge.pdf,ArchitectureoftheHyperledge,,,98976,cfb0456550052cc73f7622df758750409cb540467adcb80cc95a071959b868e7,2026-05-09T16:02:18.817032+00:00
40,AsicBoostWhitepaperrev5.pdf,AsicBoostWhitepaperrev5.pdf,AsicBoostWhitepaperrev5,,,534104,26c98bbbc89911402e04dbc56867a26bded3158f2aa528a84bab1b51ee881ebf,2026-05-09T16:02:18.817032+00:00
41,Asicboost.pdf,Asicboost.pdf,Asicboost,,,280570,a53bd5fc17ff1cdae6bf92952fa1d76a54f4dfc2644ac21b2f3de70b53622507,2026-05-09T16:02:18.817032+00:00
42,"Authentication, Blind Signatures.pdf","Authentication, Blind Signatures.pdf","Authentication, Blind Signatures",,,81532,685512bf51db753ad2b51de83624cf0d03386562fcead005b72302893d5fa2bf,2026-05-09T16:02:18.817032+00:00
43,AutonomousNEXT_TokenMania.pdf,AutonomousNEXT_TokenMania.pdf,AutonomousNEXT TokenMania,,,2954156,e85b9cd74347d7c17ab6b7a74cc46723bd18ac29d0a9984c85a63ff5e7dfae29,2026-05-09T16:02:18.817032+00:00
44,"Avalanche vs The new IOTA consensus algorithm, with a touch of Spacemesh - NEAR Protocol.pdf","Avalanche vs The new IOTA consensus algorithm, with a touch of Spacemesh - NEAR Protocol.pdf","Avalanche vs The new IOTA consensus algorithm, with a touch of Spacemesh NEAR Protocol",,,623726,ea9834b12aa463963d76092499297bc17141869c8d5e7e596df3da9dfb3ec097,2026-05-09T16:02:18.817032+00:00
45,BAIN_BRIEF_Blockchain_in_Financial_Markets.pdf,BAIN_BRIEF_Blockchain_in_Financial_Markets.pdf,BAIN BRIEF Blockchain in Financial Markets,,,1129908,70273173003061396e884ba34d3e860b3d2db8476e6575055dcbbfd36a2f6059,2026-05-09T16:02:18.817032+00:00
46,BTRUST.pdf,BTRUST.pdf,BTRUST,,,1169842,8baa03c0cb825d529d04edd15316a510f6ec4265b28efa2772eaecb3fd3e923f,2026-05-09T16:02:18.817032+00:00
47,Beyond economics of proof of work cryptocurrency.pdf,Beyond economics of proof of work cryptocurrency.pdf,Beyond economics of proof of work cryptocurrency,,,620722,d04b7b40128cfe8117ec801205eea2212ecfe2f8342afe38dfbec4a0a16bd88b,2026-05-09T16:02:18.817032+00:00
48,Bitcoin A First Legal Analysis.pdf,Bitcoin A First Legal Analysis.pdf,Bitcoin A First Legal Analysis,,,336545,eef820fa9645d927e8192b7444f574b99e37096a46c03e3b3f742273a7f896dd,2026-05-09T16:02:18.817032+00:00
49,Bitcoin CapacityScalability Roadmap.pdf,Bitcoin CapacityScalability Roadmap.pdf,Bitcoin CapacityScalability Roadmap,,,39732,aa3f8fda2c7ed0949f7f5d47b9075e213701906c5f7b7e01263c80f90a95a21e,2026-05-09T16:02:18.817032+00:00
50,Bitcoin Developer Reference.pdf,Bitcoin Developer Reference.pdf,Bitcoin Developer Reference,,,1372448,52ecdb96b7bbe6c50de6fbfa121e005dd1a740b905b9b4d501ab2b98c6b9b449,2026-05-09T16:02:18.817032+00:00
51,Bitcoin History  Pre-Blockchain Digital Currencies.pdf,Bitcoin History  Pre-Blockchain Digital Currencies.pdf,Bitcoin History Pre Blockchain Digital Currencies,,,591633,b3fe794dab14e21ce788a88f468d2a44406c54174ea0c6e1d306498928bb5e12,2026-05-09T16:02:18.817032+00:00
52,Bitcoin and Beyond.pdf,Bitcoin and Beyond.pdf,Bitcoin and Beyond,,,722915,623085c762771b6972743a1c08802a5d6b4e1f9b440eddfd96dc4c65d1895280,2026-05-09T16:02:18.817032+00:00
53,Bitcoin as a Transaction Ledger.pdf,Bitcoin as a Transaction Ledger.pdf,Bitcoin as a Transaction Ledger,,,1099399,de46f4124ca55ff5b088dc6e92f393349e6afeb2ddb356807755e99fc3519309,2026-05-09T16:02:18.817032+00:00
54,Bitcoin mining is vulnerable.pdf,Bitcoin mining is vulnerable.pdf,Bitcoin mining is vulnerable,,,704057,6c3507b70a019ba75b1f3335abf067c7078b64ee3334f20c5ad5fa5535f7ea64,2026-05-09T16:02:18.817032+00:00
55,Bitcoin's Security Model_ A Deep Dive - CoinDesk.pdf,Bitcoin's Security Model_ A Deep Dive - CoinDesk.pdf,Bitcoin's Security Model A Deep Dive CoinDesk,,,2968055,488ce9956df6d3883a92f56bf50e8313b8d3bc86ccd9077dac48934fd449255e,2026-05-09T16:02:18.817032+00:00
56,Bitcoin-NG A Scalable Blockchain Protocol.pdf,Bitcoin-NG A Scalable Blockchain Protocol.pdf,Bitcoin NG A Scalable Blockchain Protocol,,,451265,48befc3211f5af9b05942edf9d2a8560d8cae77363d9e9b068971c450c0f840e,2026-05-09T16:02:18.817032+00:00
57,Bitcoin_Technical_Background_and_Data_analysis.pdf,Bitcoin_Technical_Background_and_Data_analysis.pdf,Bitcoin Technical Background and Data analysis,,,889761,0edf31a9ddea38d3cd1cf59867882fd2b9d3f407a0613e039638c70bb54b0b3d,2026-05-09T16:02:18.817032+00:00
58,Bitcoins the hard way_ Using the raw Bitcoin protocol.pdf,Bitcoins the hard way_ Using the raw Bitcoin protocol.pdf,Bitcoins the hard way Using the raw Bitcoin protocol,,,1338045,5d0b401ecb2ef2a5f2b64bcd59dbf7d05fd292f06ce9ca0ae97bf3d1421e4a6b,2026-05-09T16:02:18.817032+00:00
59,Bitcoin’s Security Model Revisited.pdf,Bitcoin’s Security Model Revisited.pdf,Bitcoin’s Security Model Revisited,,,364506,8ad8265f82425fde867a6bc13b3c69c35484ba77e188a2daf804050be7c45706,2026-05-09T16:02:18.817032+00:00
60,Block Size Increase.pdf,Block Size Increase.pdf,Block Size Increase,,,140734,abaf51ad8b6186784eefbf516dab9e11b0bdcdf333d4903cdc451027b7a54576,2026-05-09T16:02:18.817032+00:00
61,BlockChain-In-Capital-Markets.pdf,BlockChain-In-Capital-Markets.pdf,BlockChain In Capital Markets,,,2465506,f699259fce05b1bde791555cbac2d875d92b46c9bc2b595129eadf3e28d80da5,2026-05-09T16:02:18.817032+00:00
62,Blockchain A Graph Primer.pdf,Blockchain A Graph Primer.pdf,Blockchain A Graph Primer,,,723498,9697987a3ee1d6d3f8db37f6b81d6a37dae7dadad781ed672dbec47cb2f272d6,2026-05-09T16:02:18.817032+00:00
63,Blockchain Anomaly.pdf,Blockchain Anomaly.pdf,Blockchain Anomaly,,,732940,86c569fc6320e463c618c8c550cf9159e408799783b4e0ea0fd8d0debd94bef2,2026-05-09T16:02:18.817032+00:00
64,Blockchain Consensus Protocols in the Wild.pdf,Blockchain Consensus Protocols in the Wild.pdf,Blockchain Consensus Protocols in the Wild,,,201334,1b31c839fb00e026eb9eef30dd8609cfda02cdc6a4daf45a43aa004f7a580e45,2026-05-09T16:02:18.817032+00:00
65,Blockchain Consensus.pdf,Blockchain Consensus.pdf,Blockchain Consensus,,,152081,dcf2499ebf20557caec65e45aaa4d2a7f160c1b16677cc74a8639142fa93d9d7,2026-05-09T16:02:18.817032+00:00
66,Blockchain Meets Database Design and Implementation of a Blockchain Relational Database.pdf,Blockchain Meets Database Design and Implementation of a Blockchain Relational Database.pdf,Blockchain Meets Database Design and Implementation of a Blockchain Relational Database,,,986213,ebfddfeda469e087bf78f4c3e062513ab9ce3982a7c952727ed8958f684d8e50,2026-05-09T16:02:18.817032+00:00
67,Blockchain Technology in canada economy.pdf,Blockchain Technology in canada economy.pdf,Blockchain Technology in canada economy,,,583727,e4b2cee3ad87677e24bc46cf4c3cc6608468e81fb71fbbb547477c488db20da0,2026-05-09T16:02:18.817032+00:00
68,Blockchain-Based_Distributed_Trust_and_Reputation_Management_Systems_A_Survey.pdf,Blockchain-Based_Distributed_Trust_and_Reputation_Management_Systems_A_Survey.pdf,Blockchain Based Distributed Trust and Reputation Management Systems A Survey,,,1368756,c26f697701fc1339644e62cd3e58c3f770e12f33257d009010590cc1a6aa13fe,2026-05-09T16:02:18.817032+00:00
69,Blockchain-Free Cryptocurrencies.pdf,Blockchain-Free Cryptocurrencies.pdf,Blockchain Free Cryptocurrencies,,,360042,c3d15bd6e8fc6972161b6d4bfbc357d978ec98f44860715f9db2c851787bb466,2026-05-09T16:02:18.817032+00:00
70,Blockchain-Risks-and-Opps-PDF.pdf,Blockchain-Risks-and-Opps-PDF.pdf,Blockchain Risks and Opps PDF,,,975284,6e08ca8c4a8f4c85d6af14bef03c8abdd6b1c4bd40a6098bb931acd6a2f89e85,2026-05-09T16:02:18.817032+00:00
71,Blockchain-Technology-report.pdf,Blockchain-Technology-report.pdf,Blockchain Technology report,,,176834,3805ec62b426d1d3caf8eb34bf607642089fce297d9ed9875d6ed1fccdf34148,2026-05-09T16:02:18.817032+00:00
72,BlockchainPKI.pdf,BlockchainPKI.pdf,BlockchainPKI,,,238755,7bf631c3905fa55116c8cd2edda397c68484fff11e4dc5fd0da493c56b06216c,2026-05-09T16:02:18.817032+00:00
73,Blockchain_QuorumHyperledger_20160922.pdf,Blockchain_QuorumHyperledger_20160922.pdf,Blockchain QuorumHyperledger 20160922,,,83678,7deca6399aa3bf4a4402673373382026436247677716c416fa35c6a94d3a3019,2026-05-09T16:02:18.817032+00:00
74,Blockchains and Smart Contracts for.pdf,Blockchains and Smart Contracts for.pdf,Blockchains and Smart Contracts for,,,2849584,1204a463fff444bfe823d48f852c27d6f23b654182dab80b3da2fbc96b6bce14,2026-05-09T16:02:18.817032+00:00
75,BlockfreightWhitepaperFinalDraft.pdf,BlockfreightWhitepaperFinalDraft.pdf,BlockfreightWhitepaperFinalDraft,,,718532,f49f8bf64b6f95328aec30a3f59b87c777fd5a8510d6474ede25613e5f629cdc,2026-05-09T16:02:18.817032+00:00
76,Blockstack A Global Naming and Storage System.pdf,Blockstack A Global Naming and Storage System.pdf,Blockstack A Global Naming and Storage System,,,863742,bdaeaa2626696994c157f514362df6b15a84d0b4c739439269b564c30829d381,2026-05-09T16:02:18.817032+00:00
77,Breaking Ethereum 😈.pdf,Breaking Ethereum 😈.pdf,Breaking Ethereum 😈,,,1658886,96ecf4d4c94b71caf3b83bd711270acc2fe8119ab4326a49dd6f09f68630fa59,2026-05-09T16:02:18.817032+00:00
78,Btc_anonimity.pdf,Btc_anonimity.pdf,Btc anonimity,,,4119849,e1f7fa204070e6dd5317be7d96e9cb261827b28014be8f8cdd41d6708c7d88fc,2026-05-09T16:02:18.817032+00:00
79,Buchman_Ethan_201606_MAsc.pdf,Buchman_Ethan_201606_MAsc.pdf,Buchman Ethan 201606 MAsc,,,678067,cb4f7f7d80b3d29edf9c00822d26cff3c7f76c2032ae972c527235c2307051cb,2026-05-09T16:02:18.817032+00:00
80,Building the Hyperconnected Future on Blockchains-Dubai2017.pdf,Building the Hyperconnected Future on Blockchains-Dubai2017.pdf,Building the Hyperconnected Future on Blockchains Dubai2017,,,4959511,ba6e8928fcf335bfb8520380a718d2fef7cdb3d0161030d2e8983f41ecfaebe0,2026-05-09T16:02:18.817032+00:00
81,Bulletproofs  Efficient Range Proofs for confidential transactions.pdf,Bulletproofs  Efficient Range Proofs for confidential transactions.pdf,Bulletproofs Efficient Range Proofs for confidential transactions,,,583149,53d3c4032319cc1c3bbb687a0fbef485e440a97a36a1918176f947bb1cd0f6b1,2026-05-09T16:02:18.817032+00:00
82,Butterfly Cipher.pdf,Butterfly Cipher.pdf,Butterfly Cipher,,,243205,59d6304ebbe89702ff1f33266e9b45e4f621040ff3f196867e4e2c673d400f09,2026-05-09T16:02:18.817032+00:00
83,Byteball.pdf,Byteball.pdf,Byteball,,,571485,f4c9c9fb296ad34df41faad280485321279cbe857aecf59934b7d47272e8e1d8,2026-05-09T16:02:18.817032+00:00
84,Byzantine Agreement.pdf,Byzantine Agreement.pdf,Byzantine Agreement,,,265774,f3b1b1de02e4f872d248502999e0acc00fbe8a65135ee9da8480ce0e79d4b00f,2026-05-09T16:02:18.817032+00:00
85,"Byzantine Fault Tolerance, from Theory to Reality.pdf","Byzantine Fault Tolerance, from Theory to Reality.pdf","Byzantine Fault Tolerance, from Theory to Reality",,,310548,0323d8c21ea6e7dfc5d752350958b103e9799b5d9710210f90c7e7391a594b26,2026-05-09T16:02:18.817032+00:00
86,Byzantine firing squad.pdf,Byzantine firing squad.pdf,Byzantine firing squad,,,689627,92f550c36d13ed2559708648122d664820694b0bf19b2162a41a2b0bf64161dd,2026-05-09T16:02:18.817032+00:00
87,CURRENCY VERSUS TRUST-LESS TRANSFER TECHNOLOGY.pdf,CURRENCY VERSUS TRUST-LESS TRANSFER TECHNOLOGY.pdf,CURRENCY VERSUS TRUST LESS TRANSFER TECHNOLOGY,,,821999,0a9b211ba8c96af9cd446f594f05d65c8449c60ad65117e843e8077f8ce08e85,2026-05-09T16:02:18.817032+00:00
88,Can We Afford Integrity by Proof-of-Work.pdf,Can We Afford Integrity by Proof-of-Work.pdf,Can We Afford Integrity by Proof of Work,,,463304,d2061f9e153e3a0c66d8115774bb7c77ce4c1938a490fc886320218be9583342,2026-05-09T16:02:18.817032+00:00
89,Centrally Banked Cryptocurrencies.pdf,Centrally Banked Cryptocurrencies.pdf,Centrally Banked Cryptocurrencies,,,444251,6f16509e5d259ff5c11abee8686681d9c26a538659c94568e24998544f1b0056,2026-05-09T16:02:18.817032+00:00
90,Certified Management of Financial Contracts.pdf,Certified Management of Financial Contracts.pdf,Certified Management of Financial Contracts,,,304196,390aa4a61adbbbd3245fc6445710b216dfc6ac7e49e3f788a285ee99b0820298,2026-05-09T16:02:18.817032+00:00
91,ChainLink A Decentralized Oracle Network.pdf,ChainLink A Decentralized Oracle Network.pdf,ChainLink A Decentralized Oracle Network,,,734665,73300eda96e39870895468cf7a7b90616b37d5d7673671c89db1776c192ed2be,2026-05-09T16:02:18.817032+00:00
92,Chainspace A Sharded Smart Contracts Platform.pdf,Chainspace A Sharded Smart Contracts Platform.pdf,Chainspace A Sharded Smart Contracts Platform,,,552676,ecff59840db12852374022d1551b8ee95b04356b16fa3d1bc341457de65b081d,2026-05-09T16:02:18.817032+00:00
93,Ciphertext-Policy Attribute-Based Encryption.pdf,Ciphertext-Policy Attribute-Based Encryption.pdf,Ciphertext Policy Attribute Based Encryption,,,261739,2185b61262e5ce2dc747560aabebb2da332134423bf851d5956571f43e26be70,2026-05-09T16:02:18.817032+00:00
94,Coco Framework whitepaper.pdf,Coco Framework whitepaper.pdf,Coco Framework whitepaper,,,1346811,2e972fe84fffb2c7f443dec3f47e7c0f35a87aa152dc2f2cf21b04725d52e5b5,2026-05-09T16:02:18.817032+00:00
95,Communication Complexity of Byzantine Agreement.pdf,Communication Complexity of Byzantine Agreement.pdf,Communication Complexity of Byzantine Agreement,,,589487,7a18d802747db4811842c41a758c8989979634b1ddab593a5fc6ad52719b0037,2026-05-09T16:02:18.817032+00:00
96,Composing financial contracts.pdf,Composing financial contracts.pdf,Composing financial contracts,,,293744,c4c39c5ef9b54a6f15d999785298cd75d0570f8474cdd69c62e81491b8edd97c,2026-05-09T16:02:18.817032+00:00
97,Computational Verifiable Secret Sharing Revisited.pdf,Computational Verifiable Secret Sharing Revisited.pdf,Computational Verifiable Secret Sharing Revisited,,,317544,a9f3e934186d111dfb3c9f6f7842b167ef3dadb6a6c9655902658b0fdba57f35,2026-05-09T16:02:18.817032+00:00
98,Computing Arbitrary Functions of Encrypted Data.pdf,Computing Arbitrary Functions of Encrypted Data.pdf,Computing Arbitrary Functions of Encrypted Data,,,201016,0006d958c6c7f6772c27346d1535fe6c870660646038310eb1a00d7fe9cb7569,2026-05-09T16:02:18.817032+00:00
99,Confidentiality+and+Privacy+Summary.pdf,Confidentiality+and+Privacy+Summary.pdf,Confidentiality+and+Privacy+Summary,,,483761,05c9de910809151f926d5f204781e4631c63419b3001cef205ff4c4f96caaf72,2026-05-09T16:02:18.817032+00:00
100,Consensus does not Make Bitcoin Safer (1).pdf,Consensus does not Make Bitcoin Safer (1).pdf,Consensus does not Make Bitcoin Safer (1),,,418574,a193485e0126c8dff5caa4340bbac89ce31b6eb4f6b585f0bf0a02866e446425,2026-05-09T16:02:18.817032+00:00
101,"Core Concepts, Challenges, and Future Directions.pdf","Core Concepts, Challenges, and Future Directions.pdf","Core Concepts, Challenges, and Future Directions",,,1780348,f4179c002a5e62d8747999a1224324381b0ea12e89f0cdba78f268dcba326924,2026-05-09T16:02:18.817032+00:00
102,Credit-Suisse-Blockchain-Trust-Disrupter.pdf,Credit-Suisse-Blockchain-Trust-Disrupter.pdf,Credit Suisse Blockchain Trust Disrupter,,,5821893,61897263d0cc338b61409e70972dc16661b3ce8d28a6f4591e9d1a9179043ffc,2026-05-09T16:02:18.817032+00:00
103,Cryptography and Protocols in hyperledger fabric.pdf,Cryptography and Protocols in hyperledger fabric.pdf,Cryptography and Protocols in hyperledger fabric,,,633346,6b57b5a7728d90081d982fc57f0a7b93848aa7847bb640a0a88baff066568b1c,2026-05-09T16:02:18.817032+00:00
104,DIGIcash_Chaum.BlindSigForPayment.1982.PDF,DIGIcash_Chaum.BlindSigForPayment.1982.PDF,DIGIcash Chaum.BlindSigForPayment.1982,,,269934,1f251b9d511ac8951e673cdc5d775e12b5181ad32f8af122af6decbea970ff09,2026-05-09T16:02:18.817032+00:00
105,DIRECTIVE OF THE EUROPEAN PARLIAMENT AND OF THE COUNCIL.pdf,DIRECTIVE OF THE EUROPEAN PARLIAMENT AND OF THE COUNCIL.pdf,DIRECTIVE OF THE EUROPEAN PARLIAMENT AND OF THE COUNCIL,,,588489,5c5088e7b593121d1baf76ae947f57882b045b64f0bc3531c6f1a48ff2a14b19,2026-05-09T16:02:18.817032+00:00
106,DOUBLE SPEND RACES.pdf,DOUBLE SPEND RACES.pdf,DOUBLE SPEND RACES,,,824195,e43a913fdc73ef10db17c5a1e9cb8d3bb3bf0924a1cddb2deff0b201ef0eeb86,2026-05-09T16:02:18.817032+00:00
107,Danger of Private Blockchain.pdf,Danger of Private Blockchain.pdf,Danger of Private Blockchain,,,257985,dde3c0996e3bcc3ff67bfad8fdbba2480906653df30232c3052183d13ccf8301,2026-05-09T16:02:18.817032+00:00
108,Data Insertion in Bitcoins Blockchain.pdf,Data Insertion in Bitcoins Blockchain.pdf,Data Insertion in Bitcoins Blockchain,,,480585,723ab9eb3977d83b3bb0a8a60138f19f0e9fa42b143dd85783c49e4ed648f1d6,2026-05-09T16:02:18.817032+00:00
109,Deanonymisation techniques.pdf,Deanonymisation techniques.pdf,Deanonymisation techniques,,,2888600,e47aa82200213461c8e06ccf983bf73cd66d2193b7723221955e09b3ab5560fd,2026-05-09T16:02:18.817032+00:00
110,Defining the Ethereum Virtual Machine for Interactive Theorem Provers.pdf,Defining the Ethereum Virtual Machine for Interactive Theorem Provers.pdf,Defining the Ethereum Virtual Machine for Interactive Theorem Provers,,,322756,3ece67d5ecb55716750899b925145edae7f367bcd7833f1c459726aa67fdeddd,2026-05-09T16:02:18.817032+00:00
111,Digital Assets on Public Blockchains.pdf,Digital Assets on Public Blockchains.pdf,Digital Assets on Public Blockchains,,,200880,bf0e961f6f866b5e1a170081cd893eb5afbc3d5d9289a451ea5f5592908e6ad9,2026-05-09T16:02:18.817032+00:00
112,Digital_Economy_Outlook_smart_contract.pdf,Digital_Economy_Outlook_smart_contract.pdf,Digital Economy Outlook smart contract,,,179668,82bdbac271e2ddc5aaefb869409d4e85d89f8c360f6c20eaa1253b3a7b52c8e4,2026-05-09T16:02:18.817032+00:00
113,Dissecting Ponzi schemes on Ethereum.pdf,Dissecting Ponzi schemes on Ethereum.pdf,Dissecting Ponzi schemes on Ethereum,,,369982,b1d7d7c9ba513812bdcef02ceca3a92d0edf1bd1f73961ac1c81b1704be2beac,2026-05-09T16:02:18.817032+00:00
114,Distributed Double Spending Prevention.pdf,Distributed Double Spending Prevention.pdf,Distributed Double Spending Prevention,,,206491,1f83222fe70405d2c84887c961de35001d04223eca1531eef7c7a8da5917a3d2,2026-05-09T16:02:18.817032+00:00
115,Distributed Systems and consensus.pdf,Distributed Systems and consensus.pdf,Distributed Systems and consensus,,,524349,0574fd3518b67419316305356de40d2c821763786e3a8e42460f1cab72f07b3c,2026-05-09T16:02:18.817032+00:00
116,Distributed ledger technologies in post trading.pdf,Distributed ledger technologies in post trading.pdf,Distributed ledger technologies in post trading,,,1548663,b6ad074bdacff929ecedb741c51f4d6c48909ce8552d39430c8680d71d09a55a,2026-05-09T16:02:18.817032+00:00
117,Do you need a Blockchain.pdf,Do you need a Blockchain.pdf,Do you need a Blockchain,,,180686,7436f1bc76db25c021ffffb5f532baccbc02dfec8a3425c74f05a7df6e71b386,2026-05-09T16:02:18.817032+00:00
118,Dos_attack_bitcoin.pdf,Dos_attack_bitcoin.pdf,Dos attack bitcoin,,,263585,42d68e08712703d05bfb996cb4bcd4f7dfe7681be6b9edbdbe7cca94048fba6b,2026-05-09T16:02:18.817032+00:00
119,Double-spending Prevention for bitcoin 0 confirmation transactions.pdf,Double-spending Prevention for bitcoin 0 confirmation transactions.pdf,Double spending Prevention for bitcoin 0 confirmation transactions,,,7340351,bd6ba52417e80a62ec8500980a070894c44afa854af005a83252605c7adc2c22,2026-05-09T16:02:18.817032+00:00
120,Drivechains_Sidechains_and_Hybrid_2-way_peg_Designs_R9.pdf,Drivechains_Sidechains_and_Hybrid_2-way_peg_Designs_R9.pdf,Drivechains Sidechains and Hybrid 2 way peg Designs R9,,,1197292,1e1f4dc402d71f696790ee8bd331210ea927e1ad574d4ece30063b4d74a89390,2026-05-09T16:02:18.817032+00:00
121,EOS_Report.pdf,EOS_Report.pdf,EOS Report,,,1234842,895be586915852ab2033d1b1651bdcc7f8ddef5948cbcdcc731c0b2fe4a5a885,2026-05-09T16:02:18.817032+00:00
122,Easy impossibility proofs for distributed consensus problems.pdf,Easy impossibility proofs for distributed consensus problems.pdf,Easy impossibility proofs for distributed consensus problems,,,1383260,edae719c7c9b8a27c0117ac3840484afb41073f9bbbcdea9575c9ed31394313e,2026-05-09T16:02:18.817032+00:00
123,Eclipse Attacks.pdf,Eclipse Attacks.pdf,Eclipse Attacks,,,967361,110380bc74d8a42ee04757e4f8ea690f2b9f0b189c22e2056c771142bcbdfc15,2026-05-09T16:02:18.817032+00:00
124,Efficient Zero-Knowledge Contingent Payments in Cryptocurrencies Without Scripts.pdf,Efficient Zero-Knowledge Contingent Payments in Cryptocurrencies Without Scripts.pdf,Efficient Zero Knowledge Contingent Payments in Cryptocurrencies Without Scripts,,,449793,3b0f75526b95e37d6af221f49f40bc49641e2e3458dca38cf3b818e93c278669,2026-05-09T16:02:18.817032+00:00
125,Elliptic Curve Cryptography in Practice.pdf,Elliptic Curve Cryptography in Practice.pdf,Elliptic Curve Cryptography in Practice,,,589842,19a84e91ea04698a741be13123d4fec8aedccab5f92c63b3157d5c5a23634053,2026-05-09T16:02:18.817032+00:00
126,Equilibria in the Tangle.pdf,Equilibria in the Tangle.pdf,Equilibria in the Tangle,,,608318,c7e3df95bb5cd61a1a057707342d762f5ae00c786a328563955f6f8edac554c7,2026-05-09T16:02:18.817032+00:00
127,Ethereum security _Suicidal Contracts at Scale.pdf,Ethereum security _Suicidal Contracts at Scale.pdf,Ethereum security Suicidal Contracts at Scale,,,399246,d45f484898386711ba65cf99f5752ef93c6a8cf7acdf71c98b4f97c8fedc9ab1,2026-05-09T16:02:18.817032+00:00
128,Ethereum_virtual_machine.pdf,Ethereum_virtual_machine.pdf,Ethereum virtual machine,,,718363,336512f037e24460f0c68d6dc07d28b969d3a68312786426ffd72c265f36684e,2026-05-09T16:02:18.817032+00:00
129,Ethereum_white_paper-a_next_generation_smart_contract_and_decentralized_application_platform-vitalik-buterin.pdf,Ethereum_white_paper-a_next_generation_smart_contract_and_decentralized_application_platform-vitalik-buterin.pdf,Ethereum white paper a next generation smart contract and decentralized application platform vitalik buterin,,,956232,712053058a2af2f79e332f4222bdfd5d6376b94e0d85c53a4255a608043f078a,2026-05-09T16:02:18.817032+00:00
130,Evaluating_the_Red_Belly_Blockchain.pdf,Evaluating_the_Red_Belly_Blockchain.pdf,Evaluating the Red Belly Blockchain,,,853641,299cb3bf88e8ef780e457596d46217935efdb8004890642f064da0e8f2818ff0,2026-05-09T16:02:18.817032+00:00
131,Evaluation of Logic-Based Smart Contracts for Blockchain Systems.pdf,Evaluation of Logic-Based Smart Contracts for Blockchain Systems.pdf,Evaluation of Logic Based Smart Contracts for Blockchain Systems,,,657972,041d00bf02caf8acd230554b47eb557bb8021db848c473b2774c598410c13be1,2026-05-09T16:02:18.817032+00:00
132,Execution of Smart Contracts with arm trustZone.pdf,Execution of Smart Contracts with arm trustZone.pdf,Execution of Smart Contracts with arm trustZone,,,1530602,bcc8e77a4e1cd09ab096d581f4d80c60bff70c41691003060a5f9514b6d97132,2026-05-09T16:02:18.817032+00:00
133,Experiences with Scaling.pdf,Experiences with Scaling.pdf,Experiences with Scaling,,,5596599,d98ad1348cfeadf827a20b8fe55201ed5abdecd91324213a871b13cec849dbd3,2026-05-09T16:02:18.817032+00:00
134,FINRA_Blockchain_Report.pdf,FINRA_Blockchain_Report.pdf,FINRA Blockchain Report,,,408576,bb9fec57f85de98c03fc907f074c7c95f1da40ec4be1c1e5f569aa8c435ae08c,2026-05-09T16:02:18.817032+00:00
135,FSDC Paper_FinTech_E.pdf,FSDC Paper_FinTech_E.pdf,FSDC Paper FinTech E,,,1585229,ca423cdf841f05113d0a69e691af512b58d7b2a900ef2a0dabac721e35d04e82,2026-05-09T16:02:18.817032+00:00
136,Factom_Whitepaper.pdf,Factom_Whitepaper.pdf,Factom Whitepaper,,,561781,acd090eaec968e8ec3dcfa5bf704b45a27592b51a5b82402f107171893ff2df2,2026-05-09T16:02:18.817032+00:00
137,Fedcoin+-+R3+Perspective.pdf,Fedcoin+-+R3+Perspective.pdf,Fedcoin+ +R3+Perspective,,,373223,1774e9c1503a914702f38c4ada3b4b00736a17f0a8554e6c2f7d5031f9e84fa3,2026-05-09T16:02:18.817032+00:00
138,Formal Verification of Smart Contracts.pdf,Formal Verification of Smart Contracts.pdf,Formal Verification of Smart Contracts,,,327528,66559e1ac688bd633903dac590c77f62ed6f67d0343dec7187004f993c51dd9c,2026-05-09T16:02:18.817032+00:00
139,GLOBAL BLOCKCHAIN BENCHMARKING STUDY.pdf,GLOBAL BLOCKCHAIN BENCHMARKING STUDY.pdf,GLOBAL BLOCKCHAIN BENCHMARKING STUDY,,,3379964,c208348b9358a10c0865b838d42f18533af530d73387c6cbabe62c041cbf4b2d,2026-05-09T16:02:18.817032+00:00
140,Ghost protocol.pdf,Ghost protocol.pdf,Ghost protocol,,,267707,b53e5e16e15f2a07555b153be6f3b47754a1d5fc4095a6d06eed74bf5600cf9e,2026-05-09T16:02:18.817032+00:00
141,Goldman-Sachs-report-Blockchain-Putting-Theory-into-Practice.pdf,Goldman-Sachs-report-Blockchain-Putting-Theory-into-Practice.pdf,Goldman Sachs report Blockchain Putting Theory into Practice,,,4300998,016b10c9a4e60c34ba2cade602e1fdd1910799e0b18eea4fba99f9bceeae1831,2026-05-09T16:02:18.817032+00:00
142,GolemNanopayments.pdf,GolemNanopayments.pdf,GolemNanopayments,,,599908,02d2cd24ce78fff4c42fe3b7ac7667dcd91b047b8e8facf26cb4dedc371445ae,2026-05-09T16:02:18.817032+00:00
143,Google’s Globally-Distributed Database.pdf,Google’s Globally-Distributed Database.pdf,Google’s Globally Distributed Database,,,366381,61875779e75f603d21aefba6d9bd9816d4dd0c18cf41089f43707249e24bbf88,2026-05-09T16:02:18.817032+00:00
144,HASHGRAPH.pdf,HASHGRAPH.pdf,HASHGRAPH,,,438340,566de4176d3d6a01df9d5c53eeb604735a021243c18e57310e4c2ba32a923aa4,2026-05-09T16:02:18.817032+00:00
145,Hawk.pdf,Hawk.pdf,Hawk,,,1185708,884fd673ee7e392785f5c4676243db1d7f09ce016578bf62178687f7266c89c6,2026-05-09T16:02:18.817032+00:00
146,How to Time-Stamp a Digital Document.pdf,How to Time-Stamp a Digital Document.pdf,How to Time Stamp a Digital Document,,,164322,33f36ac13022737e8b03a0833816378c23ce7843cd00fb1037a8aa9318c6e5e6,2026-05-09T16:02:18.817032+00:00
147,How to backdoor defi Hellman.pdf,How to backdoor defi Hellman.pdf,How to backdoor defi Hellman,,,1993151,5bcfa8e75da257be3c74348a7373c8ce7598d549f8f6cde090346234fb8911ae,2026-05-09T16:02:18.817032+00:00
148,Hyperledger Whitepaper.pdf,Hyperledger Whitepaper.pdf,Hyperledger Whitepaper,,,461388,bf63d245f68c0b3d663caa5007cf5c11dd4757c6e2e571460190831a02a88107,2026-05-09T16:02:18.817032+00:00
149,Hyperledger scalability.pdf,Hyperledger scalability.pdf,Hyperledger scalability,,,736532,1796656def621be9bdfe855e05260f0708390c521ca345fb5e03054b999aec7b,2026-05-09T16:02:18.817032+00:00
150,IBM_lab2.pdf,IBM_lab2.pdf,IBM lab2,,,2120267,3e84cec647bce3b219534fb7cc2638a45cb15846d15652f8913a0a4107d86bf4,2026-05-09T16:02:18.817032+00:00
151,IBM_lab3.pdf,IBM_lab3.pdf,IBM lab3,,,229794,0038364924604d30c7e8060d998d9b6c12b04e24d80643cdd3ac926d2c0c0995,2026-05-09T16:02:18.817032+00:00
152,ICO smart contracts Documentation.pdf,ICO smart contracts Documentation.pdf,ICO smart contracts Documentation,,,839607,e2c20f286a396d718a90f4d821545f6b0b39d2021f6ec32949c2f43031200e18,2026-05-09T16:02:18.817032+00:00
153,IOTA_Whitepaper.pdf,IOTA_Whitepaper.pdf,IOTA Whitepaper,,,379073,38491cde03e887bfffb06f2879ae163af6d46020c222c383f7c094711c5447ff,2026-05-09T16:02:18.817032+00:00
154,Impossibility of Distributed Consensus with One Faulty Process.pdf,Impossibility of Distributed Consensus with One Faulty Process.pdf,Impossibility of Distributed Consensus with One Faulty Process,,,725701,80e1c33be45362d6ce0eeaba0259939df16eaff592cd612d42d783e4686c82b7,2026-05-09T16:02:18.817032+00:00
155,Information Propagation in the Bitcoin Network.pdf,Information Propagation in the Bitcoin Network.pdf,Information Propagation in the Bitcoin Network,,,1209983,6f4ab7105e1bddc8607342834139937d5318544c34fa21124ad6120f217dca90,2026-05-09T16:02:18.817032+00:00
156,Initial Coin Offerings and the Value of Crypto Tokens .pdf,Initial Coin Offerings and the Value of Crypto Tokens .pdf,Initial Coin Offerings and the Value of Crypto Tokens,,,1969342,c71332e1bfc0803825462b8b461209597df9f8a8535277fd079e0bfabe6032de,2026-05-09T16:02:18.817032+00:00
157,Integrity-Forum-2017-Kim-Kang-blockchain-technology.pdf,Integrity-Forum-2017-Kim-Kang-blockchain-technology.pdf,Integrity Forum 2017 Kim Kang blockchain technology,,,665855,ba5248fa24a5e7e1144af5a9c146a359df38808d2e25a1455a83f36a757ba459,2026-05-09T16:02:18.817032+00:00
158,Introduction to Corda for Hyperledger Project 2016-12-08 v2.pdf,Introduction to Corda for Hyperledger Project 2016-12-08 v2.pdf,Introduction to Corda for Hyperledger Project 2016 12 08 v2,,,3520330,9edd35b4fa001a3e833be0d78ceb46beaf50c8a0d840902090f88466eba4398c,2026-05-09T16:02:18.817032+00:00
159,Introduction to Hyper-ledger Fabric.pdf,Introduction to Hyper-ledger Fabric.pdf,Introduction to Hyper ledger Fabric,,,2761426,e1c88efcc7a0a926742bfe09c7fb414da5672ba8f5e53ab22a96547fdd8989a8,2026-05-09T16:02:18.817032+00:00
160,Is Stellar As Secure As You Think.pdf,Is Stellar As Secure As You Think.pdf,Is Stellar As Secure As You Think,,,646350,dd7b381ccbd5de2c316060fa0c9824cf8149b9962608234f7d4a63fc16cd2d6d,2026-05-09T16:02:18.817032+00:00
161,JohnDavies_BlockchainDisruptiveServiceOrJustAnotherBuzzWord.pdf,JohnDavies_BlockchainDisruptiveServiceOrJustAnotherBuzzWord.pdf,JohnDavies BlockchainDisruptiveServiceOrJustAnotherBuzzWord,,,8527058,e16c0ddfce854df883fdaafd9218ee5f0debe7fd29e88d9f314622319dd87492,2026-05-09T16:02:18.817032+00:00
162,KEVM A Complete Semantics of the Ethereum Virtual Machine.pdf,KEVM A Complete Semantics of the Ethereum Virtual Machine.pdf,KEVM A Complete Semantics of the Ethereum Virtual Machine,,,425785,564ba46d41eeeab6520cc6642973e502188925f5b2b82d4dd19d2ebbcce1e731,2026-05-09T16:02:18.817032+00:00
163,Kadena-ConfidentialityWhitepaper-Aug2016.pdf,Kadena-ConfidentialityWhitepaper-Aug2016.pdf,Kadena ConfidentialityWhitepaper Aug2016,,,94261,5ec9ddbe8a68b0a4528c62dc0bb745295f0b2154cb9832ef8cea4f0255b154cc,2026-05-09T16:02:18.817032+00:00
164,Keyless Signatures Infrastructure.pdf,Keyless Signatures Infrastructure.pdf,Keyless Signatures Infrastructure,,,575506,422b8a0be599660503ae289977b2bda174c81e6fab486db5ef03934c1d1cf151,2026-05-09T16:02:18.817032+00:00
165,LOCALITY IN DISTRIBUTED GRAPH ALGORITHMS.pdf,LOCALITY IN DISTRIBUTED GRAPH ALGORITHMS.pdf,LOCALITY IN DISTRIBUTED GRAPH ALGORITHMS,,,1064948,2cf9cc0b35988c40da0393af7771d5820ca9e83f43e6ab14cb1f1036ad73643c,2026-05-09T16:02:18.817032+00:00
166,Linking the cash and securities leg in post-trade settlement..pdf,Linking the cash and securities leg in post-trade settlement..pdf,Linking the cash and securities leg in post trade settlement.,,,1708537,c220c9f545a9663a6b7dc2f13248114fbdf4c513fc416c78be5edcf1e0ee3252,2026-05-09T16:02:18.817032+00:00
167,MEV-btc-tx-ordering.pdf,MEV-btc-tx-ordering.pdf,MEV btc tx ordering,,,2164511,e8d1fa78aa2c975ec7e3150d8d630b8e61be29f85a1551bb7d70ba7b1a5e5f35,2026-05-09T16:02:18.817032+00:00
168,Majority is not Enough_selfish_mining.pdf,Majority is not Enough_selfish_mining.pdf,Majority is not Enough selfish mining,,,704057,6c3507b70a019ba75b1f3335abf067c7078b64ee3334f20c5ad5fa5535f7ea64,2026-05-09T16:02:18.817032+00:00
169,Making BFT Protocols Really Adaptive.pdf,Making BFT Protocols Really Adaptive.pdf,Making BFT Protocols Really Adaptive,,,371116,6bdb538fc1dafadc5d78c264239893f7e8753ae9fe4c1335a252de0408b01e53,2026-05-09T16:02:18.817032+00:00
170,Malleability of the blockchain’s entropy.pdf,Malleability of the blockchain’s entropy.pdf,Malleability of the blockchain’s entropy,,,867772,1dcb3335b39cc083eddcce77cf79680bedd438fac09976e6986c2631c5450a6a,2026-05-09T16:02:18.817032+00:00
171,Mastering_Bitcoin-Antonopoulos.pdf,Mastering_Bitcoin-Antonopoulos.pdf,Mastering Bitcoin Antonopoulos,,,10773969,d9b0d189faaeb44d594626e616066e24dedaa55a435108d7adfd68e23db1ce74,2026-05-09T16:02:18.817032+00:00
172,MetaAnalysis of Alternative Consensus Protocols for Blockchains.pdf,MetaAnalysis of Alternative Consensus Protocols for Blockchains.pdf,MetaAnalysis of Alternative Consensus Protocols for Blockchains,,,222943,07a69337c3e32999d623a5ff9abb1cb9853aecfc9536568d0578b7214e66d8f1,2026-05-09T16:02:18.817032+00:00
173,Mixing Confidential Transactions.pdf,Mixing Confidential Transactions.pdf,Mixing Confidential Transactions,,,579603,5b5217e0641211e53434d6372ac516ba9f7e43ea80a527d97ae55a130b3cde6f,2026-05-09T16:02:18.817032+00:00
174,MultiChain-White-Paper.pdf,MultiChain-White-Paper.pdf,MultiChain White Paper,,,582769,34b05e34188a57ba7a96cd77697c6ce58cbeeee2e08db1b6dc88dbb33052a7a2,2026-05-09T16:02:18.817032+00:00
175,Multiparty-Computations-Technion-2014–.pdf,Multiparty-Computations-Technion-2014–.pdf,Multiparty Computations Technion 2014–,,,1245318,191637991021fac11cee8fffd93a593ef00f547ba2b9445313130142aaaf6670,2026-05-09T16:02:18.817032+00:00
176,NaPo_Blockchain_webb.pdf,NaPo_Blockchain_webb.pdf,NaPo Blockchain webb,,,7495950,6216fc43402f93f752d4538e1c59567cbbd37aff1030211ed21c8e1ffbad3d6b,2026-05-09T16:02:18.817032+00:00
177,Nodes in the Bitcoin Network Comparative study and survey.pdf,Nodes in the Bitcoin Network Comparative study and survey.pdf,Nodes in the Bitcoin Network Comparative study and survey,,,19739574,dbad0eba2d845c15a408c3992f6b98314700e4219e4f50bb981a4a8c86afacce,2026-05-09T16:02:18.817032+00:00
178,Non-determinism in Byzantine Fault-Tolerant Replication.pdf,Non-determinism in Byzantine Fault-Tolerant Replication.pdf,Non determinism in Byzantine Fault Tolerant Replication,,,234381,b84ae296e8eef841c688cb63d1cde1aa9b06045e5965a49ba7e7bd8016f6203c,2026-05-09T16:02:18.817032+00:00
179,NxtWhitepaper_v122_rev4.pdf,NxtWhitepaper_v122_rev4.pdf,NxtWhitepaper v122 rev4,,,425827,56d0034f6f804406547ac40620ee38542aa38ebcff65a4c59c727515fe3fdeb1,2026-05-09T16:02:18.817032+00:00
180,On Bitcoin Security in the Presence of Broken Crypto Primitives.pdf,On Bitcoin Security in the Presence of Broken Crypto Primitives.pdf,On Bitcoin Security in the Presence of Broken Crypto Primitives,,,335804,60014de5c72ced0b74e2806565eda52aea8f3d8ddbe88482552c5086d78ea377,2026-05-09T16:02:18.817032+00:00
181,On Scaling Decentralized Blockchains.pdf,On Scaling Decentralized Blockchains.pdf,On Scaling Decentralized Blockchains,,,309506,75c9dec775027a3418862355faf3a170509f4632950f625e8a710ffd4eb58b8d,2026-05-09T16:02:18.817032+00:00
182,On The Longest Chain Rule and Programmed Self-Destruction of Crypto Currencies.pdf,On The Longest Chain Rule and Programmed Self-Destruction of Crypto Currencies.pdf,On The Longest Chain Rule and Programmed Self Destruction of Crypto Currencies,,,2050522,6b6baee5e56af934bae36bf67e5d3e1688c7c2c485d915cdd08b1bde4e1c1d42,2026-05-09T16:02:18.817032+00:00
183,On the Danger of Private Blockchains.pdf,On the Danger of Private Blockchains.pdf,On the Danger of Private Blockchains,,,257985,dde3c0996e3bcc3ff67bfad8fdbba2480906653df30232c3052183d13ccf8301,2026-05-09T16:02:18.817032+00:00
184,On the Instability of Bitcoin Without the Block Reward.pdf,On the Instability of Bitcoin Without the Block Reward.pdf,On the Instability of Bitcoin Without the Block Reward,,,1420814,a48e98f864b4cd37ad138cb08762c31cd8bbec812cd8326f5c2c71c9d7eff34a,2026-05-09T16:02:18.817032+00:00
185,On the Privacy Provisions of Bloom Filters in Lightweight.pdf,On the Privacy Provisions of Bloom Filters in Lightweight.pdf,On the Privacy Provisions of Bloom Filters in Lightweight,,,363273,47b7648318fe13ff7d1abe25271c2482172b441461a9ff7f1a34ae71e6886392,2026-05-09T16:02:18.817032+00:00
186,Ontology of Blockchain Technologies.pdf,Ontology of Blockchain Technologies.pdf,Ontology of Blockchain Technologies,,,1516703,7a70be0c01e52277f8d3b7cba64e13a576d6871e18fcfbf92b37c45a7c369f44,2026-05-09T16:02:18.817032+00:00
187,Overview of Blockchain and big data.pdf,Overview of Blockchain and big data.pdf,Overview of Blockchain and big data,,,5882914,65955e0b9dda8fc39d5e34c86303b54062a4cb8d5b32619cbdb05a102e837e64,2026-05-09T16:02:18.817032+00:00
188,PBFT vs Proof-of-Authority Applying the CAP Theorem to Permissioned Blockchain.pdf,PBFT vs Proof-of-Authority Applying the CAP Theorem to Permissioned Blockchain.pdf,PBFT vs Proof of Authority Applying the CAP Theorem to Permissioned Blockchain,,,897930,f0626a22a4a81e959646dc7adc394cb6a3a91fd214c994923f10eadcf611da9e,2026-05-09T16:02:18.817032+00:00
189,PBFT vs Proof-of-Authority.pdf,PBFT vs Proof-of-Authority.pdf,PBFT vs Proof of Authority,,,897930,f0626a22a4a81e959646dc7adc394cb6a3a91fd214c994923f10eadcf611da9e,2026-05-09T16:02:18.817032+00:00
190,Paxos Systems.pdf,Paxos Systems.pdf,Paxos Systems,,,483285,d92eb86f457eb1a9d92ad30989f5ca5be8530f9b0a1e141c10544fcd903d3f28,2026-05-09T16:02:18.817032+00:00
191,Payment Channels that Go Faster than Lightning.pdf,Payment Channels that Go Faster than Lightning.pdf,Payment Channels that Go Faster than Lightning,,,976636,834c593726ace5e6bc4b1cf6382be64d09bc0eb02afe16a23284fba1aa2e4da0,2026-05-09T16:02:18.817032+00:00
192,Performance and Scalability of Blockchain.pdf,Performance and Scalability of Blockchain.pdf,Performance and Scalability of Blockchain,,,358739,ac7c55f7bce919dcd55b7c838597a50b55eb54b25e1c769c9718b672ce800d83,2026-05-09T16:02:18.817032+00:00
193,Permissioned-distributed-ledgers.pdf,Permissioned-distributed-ledgers.pdf,Permissioned distributed ledgers,,,1577563,e0294239d6a6792ab82cf55e3e554ea24a77f3cdf7c35d4559a3f94aec166814,2026-05-09T16:02:18.817032+00:00
194,PolkaDotPaper.pdf,PolkaDotPaper.pdf,PolkaDotPaper,,,4093798,ebeac9b1bd4e3fcc2f8b9264dc23409107080e155398ec459dc7d0ac78159c79,2026-05-09T16:02:18.817032+00:00
195,PonzICO Let s Just Cut to the Chase.pdf,PonzICO Let s Just Cut to the Chase.pdf,PonzICO Let s Just Cut to the Chase,,,279642,250bd577730a3ff99e96cf731a014185ff76c3a9cd908017b06c0156b4f6cc0a,2026-05-09T16:02:18.817032+00:00
196,Practical Byzantine Fault Tolerance and Proactive Recovery.pdf,Practical Byzantine Fault Tolerance and Proactive Recovery.pdf,Practical Byzantine Fault Tolerance and Proactive Recovery,,,1626649,662bb8d6bc1bf11628410e5bf21e29422971f2bdf6aff034cc9aa84a3c47f791,2026-05-09T16:02:18.817032+00:00
197,Practical Byzantine Fault Tolerance.pdf,Practical Byzantine Fault Tolerance.pdf,Practical Byzantine Fault Tolerance,,,761567,4072e5923a9d113bde62aebfb16f040893c8512ee0c6f7df7ef6ba038882fb51,2026-05-09T16:02:18.817032+00:00
198,Privacy on the Blockchain Unique Ring Signatures.pdf,Privacy on the Blockchain Unique Ring Signatures.pdf,Privacy on the Blockchain Unique Ring Signatures,,,1576947,83bdf378fbc2f06401a26a6908673b197f198b567d1427d5dd393ff320e58e5d,2026-05-09T16:02:18.817032+00:00
199,Privacy on the Blockchain ring signatures.pdf,Privacy on the Blockchain ring signatures.pdf,Privacy on the Blockchain ring signatures,,,1576947,83bdf378fbc2f06401a26a6908673b197f198b567d1427d5dd393ff320e58e5d,2026-05-09T16:02:18.817032+00:00
200,Private Key Recovery Combination Attacks.pdf,Private Key Recovery Combination Attacks.pdf,Private Key Recovery Combination Attacks,,,1146322,a82a307a25e75f57a2d217cf1fe6280e7d9fd5b909ca4c78fe0c49b9e26e1067,2026-05-09T16:02:18.817032+00:00
201,Private-BlockChain-in-automotive-Safety.pdf,Private-BlockChain-in-automotive-Safety.pdf,Private BlockChain in automotive Safety,,,709015,9101a6a8e459ba68f6ec2d3463745fa92fc45ed42013bbd27cb25e061c041958,2026-05-09T16:02:18.817032+00:00
202,Project Ubin  SGD on Distributed Ledger.pdf,Project Ubin  SGD on Distributed Ledger.pdf,Project Ubin SGD on Distributed Ledger,,,2678883,efab3bb2cd1ee7bcad7a06cbf07afbe03de6aae58f1a6cf4d4e45fe23bce823f,2026-05-09T16:02:18.817032+00:00
203,Project-Hamilton-Phase-1-Whitepaper.pdf,Project-Hamilton-Phase-1-Whitepaper.pdf,Project Hamilton Phase 1 Whitepaper,,,1682955,042c29ce7ce5352229e752fa3990ff25333bc7105e5da01e5d926cbb13494a2f,2026-05-09T16:02:18.817032+00:00
204,Proof of Activity.pdf,Proof of Activity.pdf,Proof of Activity,,,487810,e9f74574e946e1f12a473dd1557f609a477e85b2365248593b6c7cf1971a4a92,2026-05-09T16:02:18.817032+00:00
205,Proof of Idle.pdf,Proof of Idle.pdf,Proof of Idle,,,54989,b5b84291d1f1ff281b051a2dcf03acf4b1dd291fa5fb08fea0e72b97575a96a8,2026-05-09T16:02:18.817032+00:00
206,Proof of Luck.pdf,Proof of Luck.pdf,Proof of Luck,,,273625,40f792eeba358e8e9d62740899cc86e4b59a34d471afa6ceaa4d6e3958da1eef,2026-05-09T16:02:18.817032+00:00
207,Proof of Work Without All the Work.pdf,Proof of Work Without All the Work.pdf,Proof of Work Without All the Work,,,779947,2241ceee3eeb64f5cf5abc4552943eaa95371a2f041d18ffa303b8961002fffc,2026-05-09T16:02:18.817032+00:00
208,Proof-of-Work vs. BFT Replication.pdf,Proof-of-Work vs. BFT Replication.pdf,Proof of Work vs. BFT Replication,,,282116,17be6ee5ae2ea11e29ea06ba91a7ca28ec8e3ce9635bccccd7819902519ded5d,2026-05-09T16:02:18.817032+00:00
209,Quorum Whitepaper v0.1.pdf,Quorum Whitepaper v0.1.pdf,Quorum Whitepaper v0.1,,,2438625,962194d0a6f878e7928c703b7b836e0e55d4be03e45af4d8979f95885f21e9c2,2026-05-09T16:02:18.817032+00:00
210,R3+Report-+Fedcoin.pdf,R3+Report-+Fedcoin.pdf,R3+Report +Fedcoin,,,780505,176a6dd8c88ff39b7515281b4ba5652b3e51e42bd39d327892ad3705a96f4208,2026-05-09T16:02:18.817032+00:00
211,R3_Confidentiality_and_Privacy_Report.pdf,R3_Confidentiality_and_Privacy_Report.pdf,R3 Confidentiality and Privacy Report,,,841329,753a91b3f384ffb1ccc7971b9a92d30e668d62e2b7268d627d0702aca771c7ac,2026-05-09T16:02:18.817032+00:00
212,RING CONFIDENTIAL TRANSACTIONS.pdf,RING CONFIDENTIAL TRANSACTIONS.pdf,RING CONFIDENTIAL TRANSACTIONS,,,500834,af85d0078f10d05dca9fe2fbaac21dc8f2994d502d32a184b039d31bfd7f374f,2026-05-09T16:02:18.817032+00:00
213,Recent_Results_on_Fault-Tolerance_Consensus_in_Message-Passing_Networks.pdf,Recent_Results_on_Fault-Tolerance_Consensus_in_Message-Passing_Networks.pdf,Recent Results on Fault Tolerance Consensus in Message Passing Networks,,,311572,4b24570ec85263401115d2fa052dbee63e90dca295b8a71f789fefc9e53b162e,2026-05-09T16:02:18.817032+00:00
214,Refinement and Verification of CBC Casper.pdf,Refinement and Verification of CBC Casper.pdf,Refinement and Verification of CBC Casper,,,490620,c700f35a9db6586e5d5d22e13090f7d2ed3530665c8db57b7801ff7126dd9391,2026-05-09T16:02:18.817032+00:00
215,Refund attacks on bitcoin payment protocol.pdf,Refund attacks on bitcoin payment protocol.pdf,Refund attacks on bitcoin payment protocol,,,1061242,8e71d7be1a0c2311cb611dbe69e59cdd4fc87c2e9555007755fef47963cfaaf6,2026-05-09T16:02:18.817032+00:00
216,Research on Anonymization and De-anonymization in the Bitcoin System.pdf,Research on Anonymization and De-anonymization in the Bitcoin System.pdf,Research on Anonymization and De anonymization in the Bitcoin System,,,297191,e83dfe2261cc4747f4325245d06edd91d0eaf9fcb009c3e83f7fb011be51b37c,2026-05-09T16:02:18.817032+00:00
217,Roadmap_for_Blockchain_Standards_report.pdf,Roadmap_for_Blockchain_Standards_report.pdf,Roadmap for Blockchain Standards report,,,678257,a188d54c3e64b8020bc3b27903be597097a6043bc600113bd657c8b7f604e6a0,2026-05-09T16:02:18.817032+00:00
218,Robustly Reconfigurable Consensus and Applications.pdf,Robustly Reconfigurable Consensus and Applications.pdf,Robustly Reconfigurable Consensus and Applications,,,693398,90519faaea5365e7bb19de11682110f40d3192289913bffb4f1c4e13e93b7ba4,2026-05-09T16:02:18.817032+00:00
219,Safer smart contracts through type-driven.pdf,Safer smart contracts through type-driven.pdf,Safer smart contracts through type driven,,,924167,896b1fb648c2bd0899127bd1edcbeb3f9cfb6f46d916fe3c2eef49f16d0a3ead,2026-05-09T16:02:18.817032+00:00
220,Scaling Byzantine Fault-Tolerant Replication to Wide Area Networks.pdf,Scaling Byzantine Fault-Tolerant Replication to Wide Area Networks.pdf,Scaling Byzantine Fault Tolerant Replication to Wide Area Networks,,,169961,c00b3800dcb1e182ef0f2e8d737fd7ceea6f3bd8dd9396526b6042d6ab0a356a,2026-05-09T16:02:18.817032+00:00
221,Secure High-Rate Transaction Processing in bitcoin.pdf,Secure High-Rate Transaction Processing in bitcoin.pdf,Secure High Rate Transaction Processing in bitcoin,,,267707,b53e5e16e15f2a07555b153be6f3b47754a1d5fc4095a6d06eed74bf5600cf9e,2026-05-09T16:02:18.817032+00:00
222,Secure Multiparty Computations.pdf,Secure Multiparty Computations.pdf,Secure Multiparty Computations,,,403406,1087a4d640b097e70f61c5e5453c92e48e989b9734f1595c56740db8e98de2c4,2026-05-09T16:02:18.817032+00:00
223,Secure sampling of public parameters for succinct zero knowledge proofs.pdf,Secure sampling of public parameters for succinct zero knowledge proofs.pdf,Secure sampling of public parameters for succinct zero knowledge proofs,,,619971,1208e0815ef8a90e36bf70cee9bacc59f7481bf526b1eab739a36e9ce5a0d378,2026-05-09T16:02:18.817032+00:00
224,Smart Contract Templates_barclays.pdf,Smart Contract Templates_barclays.pdf,Smart Contract Templates barclays,,,722180,c3946904adcbffd73c8bc68c46d482ad57b543e249b5ff691cc39aa9cef9dff8,2026-05-09T16:02:18.817032+00:00
225,Smart Contracts - 12 Use Cases for Business and Beyond - Chamber of Digital Commerce.pdf,Smart Contracts - 12 Use Cases for Business and Beyond - Chamber of Digital Commerce.pdf,Smart Contracts 12 Use Cases for Business and Beyond Chamber of Digital Commerce,,,6559709,b3b20121af00d9312f6975bacc2cb0dc45ca00c16f771e6231c648454abb9b21,2026-05-09T16:02:18.817032+00:00
226,Smart Contracts Make Bitcoin Mining Pools Vulnerable.pdf,Smart Contracts Make Bitcoin Mining Pools Vulnerable.pdf,Smart Contracts Make Bitcoin Mining Pools Vulnerable,,,254637,4bedc738fe9eb29d4a049e264ef2445a2fa240ede162c3d868f51a1333bfc092,2026-05-09T16:02:18.817032+00:00
227,Smart-Contract-Security.pdf,Smart-Contract-Security.pdf,Smart Contract Security,,,135644,3697a804ae7b202dad3abeecede7dcef1a2b0dac2b97cd823f678cfa52e9c592,2026-05-09T16:02:18.817032+00:00
228,SmartCast - An Incentive Compatible Consensus Protocol Using Smart Contracts.pdf,SmartCast - An Incentive Compatible Consensus Protocol Using Smart Contracts.pdf,SmartCast An Incentive Compatible Consensus Protocol Using Smart Contracts,,,582620,f9429fce2c673a95eef2613d77fde01d5142d329b155d5c27ee4b1007300c22b,2026-05-09T16:02:18.817032+00:00
229,Smart_Contract_based_PKI_and_Identity_System.pdf,Smart_Contract_based_PKI_and_Identity_System.pdf,Smart Contract based PKI and Identity System,,,211323,641720759684e2677e39085f7962e8222fc932465f4f3875e60bf94b753f3f3d,2026-05-09T16:02:18.817032+00:00
230,Snowflake to Avalanche A Novel Metastable Consensus Protocol Family for crypto.pdf,Snowflake to Avalanche A Novel Metastable Consensus Protocol Family for crypto.pdf,Snowflake to Avalanche A Novel Metastable Consensus Protocol Family for crypto,,,776541,ec44f1dcd4de4fecebbdf9f719e074a8b1f7996ebfdfeea754212118e2387bc3,2026-05-09T16:02:18.817032+00:00
231,Sonm_whitepaper.pdf,Sonm_whitepaper.pdf,Sonm whitepaper,,,932731,dc7aa224a3da4db0e90a09cd4128a22b0056d6bb62bb54d6a653f810cb5dc23c,2026-05-09T16:02:18.817032+00:00
232,SpaceMint.pdf,SpaceMint.pdf,SpaceMint,,,709442,1d2c82d1ae90700bcc5d54343720c1229f80641c7942e5ebd262db082e1bbab4,2026-05-09T16:02:18.817032+00:00
233,State Channels - an explanation.pdf,State Channels - an explanation.pdf,State Channels an explanation,,,75801,63d1683b8e4920ebb924692d0acf5b535f75a42cfbb948867559beae48e707d4,2026-05-09T16:02:18.817032+00:00
234,Step by Step Towards Creating a Safe Smart Contract.pdf,Step by Step Towards Creating a Safe Smart Contract.pdf,Step by Step Towards Creating a Safe Smart Contract,,,432409,40749a639e2f15a1ad6395fa4c530a31ab8c964ec1935e0c0d73af81bdfac391,2026-05-09T16:02:18.817032+00:00
235,Survey_Sharding_in_Blockchains.pdf,Survey_Sharding_in_Blockchains.pdf,Survey Sharding in Blockchains,,,7676902,eae1cf7c75d6b42b71a3acdb73a0e2b1cd26e599fc92da18a60fbbae2e6b3c76,2026-05-09T16:02:18.817032+00:00
236,Swap A Peer-to-Peer Protocol for.pdf,Swap A Peer-to-Peer Protocol for.pdf,Swap A Peer to Peer Protocol for,,,102081,06ac1cf504cda7dc574c6acbe3b9ba10093856fa3be053df27d7844634291ed1,2026-05-09T16:02:18.817032+00:00
237,The Bitcoin Backbone Protocol.pdf,The Bitcoin Backbone Protocol.pdf,The Bitcoin Backbone Protocol,,,1004626,5974b0ce7c281bc567226f77c3b4ddc0943e89dc44e07f7fc2b6c950ad48f446,2026-05-09T16:02:18.817032+00:00
238,The Blockchain as a Software Connector.pdf,The Blockchain as a Software Connector.pdf,The Blockchain as a Software Connector,,,333183,ff2fa85a73cbc5a5c6436848b3e6fd4e0dd2c027f9fab01785e40dd894b227d4,2026-05-09T16:02:18.817032+00:00
239,The EigenTrust Algorithm for Reputation Management in P2P Networks.pdf,The EigenTrust Algorithm for Reputation Management in P2P Networks.pdf,The EigenTrust Algorithm for Reputation Management in P2P Networks,,,178772,2d7eaec4ec2bfdea98c4db79cfb048a2c4d3185baefd7438deff4ee1967409ea,2026-05-09T16:02:18.817032+00:00
240,The EigenTrust Algorithm.pdf,The EigenTrust Algorithm.pdf,The EigenTrust Algorithm,,,179071,375fbb15aeb70cc3ac1eb0fcc659c818f39c1648842c7f1032147d7515458c2a,2026-05-09T16:02:18.817032+00:00
241,The Evolution of the Bitcoin Economy.pdf,The Evolution of the Bitcoin Economy.pdf,The Evolution of the Bitcoin Economy,,,9282537,02da93e3525f63966a91a6564f04c218301983271eec4a492b22dea07e41c1dc,2026-05-09T16:02:18.817032+00:00
242,The Honey Badger of BFT Protocols.pdf,The Honey Badger of BFT Protocols.pdf,The Honey Badger of BFT Protocols,,,558847,9460a1927bd338ec1c51e2ef8fa1f6f01a48240bc7ea6d7bd8da4d447ae154c2,2026-05-09T16:02:18.817032+00:00
243,The Mini-Blockchain Scheme.pdf,The Mini-Blockchain Scheme.pdf,The Mini Blockchain Scheme,,,170894,deab55b0a1dc011f94adc8321ec1b3ee69a47018d6187ec8c6e917f41164fad4,2026-05-09T16:02:18.817032+00:00
244,The Problem with ASICBOOST.pdf,The Problem with ASICBOOST.pdf,The Problem with ASICBOOST,,,280570,a53bd5fc17ff1cdae6bf92952fa1d76a54f4dfc2644ac21b2f3de70b53622507,2026-05-09T16:02:18.817032+00:00
245,The-Blockchain-Landscape-.pdf,The-Blockchain-Landscape-.pdf,The Blockchain Landscape,,,568063,b68ba1d1ce47c50b73d1f900dccdf083c4ecac85568f1062df9c018ae88a769c,2026-05-09T16:02:18.817032+00:00
246,The-Fintech-2-0-Paper.pdf,The-Fintech-2-0-Paper.pdf,The Fintech 2 0 Paper,,,634040,c9b9a5c33761b2bd0565f1d2f05c81130f180ea4703930f790ef70883ebeafa2,2026-05-09T16:02:18.817032+00:00
247,Thesis_Defense.pdf,Thesis_Defense.pdf,Thesis Defense,,,2631173,f091e99444089b33a4be840811067cb64e9d65f82e0e46c398252b0d0b15244c,2026-05-09T16:02:18.817032+00:00
248,Threshold Fully Homomorphic Encryption.pdf,Threshold Fully Homomorphic Encryption.pdf,Threshold Fully Homomorphic Encryption,,,651969,9403bb3873caebcf27744cb7f64ff894aa6a2f4ce2b8410ab1907b29a5c07378,2026-05-09T16:02:18.817032+00:00
249,Threshold-optimal DSA ECDSA signatures and an application to Bitcoin wallet security.pdf,Threshold-optimal DSA ECDSA signatures and an application to Bitcoin wallet security.pdf,Threshold optimal DSA ECDSA signatures and an application to Bitcoin wallet security,,,921283,4e444a670aa6df5273219ce828411a0c56cdc8400be6fe00a169663ae42e7bb8,2026-05-09T16:02:18.817032+00:00
250,Timing and Lattice Attacks on a Remote ECDSA.pdf,Timing and Lattice Attacks on a Remote ECDSA.pdf,Timing and Lattice Attacks on a Remote ECDSA,,,1264507,3a2e5ec727bc8fd0e60d0e2e2ef8be4cad1ec5cb12ff1b2e8192160d0aecae50,2026-05-09T16:02:18.817032+00:00
251,Toward a 12-second Block Time - Ethereum Blog.pdf,Toward a 12-second Block Time - Ethereum Blog.pdf,Toward a 12 second Block Time Ethereum Blog,,,472231,fb63ffd1852a671cf6aa724d60bc6abcd8bbd692b0be9fec1b07541035ebb8d4,2026-05-09T16:02:18.817032+00:00
252,Turning a PKI Around with Blockchains.pdf,Turning a PKI Around with Blockchains.pdf,Turning a PKI Around with Blockchains,,,654188,8c93649901d8732c7e35d8835934723a3d3c4535a3d6638efeed7e36d25a5170,2026-05-09T16:02:18.817032+00:00
253,Twins White-Glove Approach for BFT Testing by Libra team.pdf,Twins White-Glove Approach for BFT Testing by Libra team.pdf,Twins White Glove Approach for BFT Testing by Libra team,,,433813,290f19a35c3dfb78051302e252e72ef02e23b99fb22734fd981cb01a397964ca,2026-05-09T16:02:18.817032+00:00
254,Untangling Blockchain A Data Processing View.pdf,Untangling Blockchain A Data Processing View.pdf,Untangling Blockchain A Data Processing View,,,693241,787cfa07a5a674e1ac8689a7090015290dc9d6d5fc059b9aae4c49e79844fa84,2026-05-09T16:02:18.817032+00:00
255,Using Paxos to Build a Scalable Consistent.pdf,Using Paxos to Build a Scalable Consistent.pdf,Using Paxos to Build a Scalable Consistent,,,246236,aa5f6b6de0d7617e62768f0ff8b5b1c5d435bea79258e9916c04f99b730e6e01,2026-05-09T16:02:18.817032+00:00
256,Using_Blockchain_to_Protect_Personal_Data.pdf,Using_Blockchain_to_Protect_Personal_Data.pdf,Using Blockchain to Protect Personal Data,,,615831,8450a7f65832f77b8d47e4ce9090b3ce2b92326128d016fc8c60c2f32caa430c,2026-05-09T16:02:18.817032+00:00
257,VButerin AODA.pdf,VButerin AODA.pdf,VButerin AODA,,,5880617,175d07fcf11f66fc608fad51fd17dc47109c428c3ea52429c13f2f7a05dc801a,2026-05-09T16:02:18.817032+00:00
258,Weak Curves In Elliptic Curve Cryptography.pdf,Weak Curves In Elliptic Curve Cryptography.pdf,Weak Curves In Elliptic Curve Cryptography,,,674323,1d1380b27eb138f46d511295715bc0cafbbb684dfd84cdd01c78e45e190f711c,2026-05-09T16:02:18.817032+00:00
259,Why Your Encrypted Database Is Not Secure.pdf,Why Your Encrypted Database Is Not Secure.pdf,Why Your Encrypted Database Is Not Secure,,,570797,c3e511cced4e8b1dceab283f8832e6a75278546096041f0260333eac81b7172d,2026-05-09T16:02:18.817032+00:00
260,Why and How zk-SNARK Works.pdf,Why and How zk-SNARK Works.pdf,Why and How zk SNARK Works,,,666566,a3c2e7ad2cdc357c7b5257c8085086e3fed0f627e529816ce5b16d2d8df01045,2026-05-09T16:02:18.817032+00:00
261,XML Compression via DAGs.pdf,XML Compression via DAGs.pdf,XML Compression via DAGs,,,386078,f5a2bb3304fb0fa4971947553e61d2ead10316cd3133c0bb48b3aa7d3fe94d8f,2026-05-09T16:02:18.817032+00:00
262,ZEN Technical notes on a financial engine.pdf,ZEN Technical notes on a financial engine.pdf,ZEN Technical notes on a financial engine,,,277291,93daf64883923f11bc3258979f5367d07622445e487655473d31fdc9cb00f8fa,2026-05-09T16:02:18.817032+00:00
263,a Blockchain Protocol Based on Synchronous Timestamps of Compass Satellite.pdf,a Blockchain Protocol Based on Synchronous Timestamps of Compass Satellite.pdf,a Blockchain Protocol Based on Synchronous Timestamps of Compass Satellite,,,1389392,d4c0b014c0387e12fc1d47c58dbb9bdc41aad3ad7b5bf199d5251586f73d0642,2026-05-09T16:02:18.817032+00:00
264,a memory bound graph-theoretic proof-of-work.pdf,a memory bound graph-theoretic proof-of-work.pdf,a memory bound graph theoretic proof of work,,,297767,af3bb2766b3221a2d7f995d61eaded0b65a035aa2bc7b835f2862813fd05b6de,2026-05-09T16:02:18.817032+00:00
265,adversary in blockchain.pdf,adversary in blockchain.pdf,adversary in blockchain,,,440732,28ba465ecdb842ec6df4449a1e1dbad956fd6723fa3043e6f8fd402643d20456,2026-05-09T16:02:18.817032+00:00
266,atomically-trading-roger.pdf,atomically-trading-roger.pdf,atomically trading roger,,,554394,25a6af50b8035a377749a6c662215cf17152e212571ffdc8e23118a76645bc89,2026-05-09T16:02:18.817032+00:00
267,bank-2020---blockchain-powering-the-internet-of-value---whitepaper.pdf,bank-2020---blockchain-powering-the-internet-of-value---whitepaper.pdf,bank 2020 blockchain powering the internet of value whitepaper,,,3815510,07fbe7278fa0b69f4ac39a559e18d4b3d78eade181fdc663e430cc83b869e5de,2026-05-09T16:02:18.817032+00:00
268,bc as conector.pdf,bc as conector.pdf,bc as conector,,,397135,7d291a5941e4f2159267589d99d5491a952760146f4209b2b7da97f0f3d2430d,2026-05-09T16:02:18.817032+00:00
269,beigepaper An Ethereum Technical Specification.pdf,beigepaper An Ethereum Technical Specification.pdf,beigepaper An Ethereum Technical Specification,,,467807,9856d0ad730a860fea24e0dcec93d7a71507e8f8aa835de44476eea4ce0920cb,2026-05-09T16:02:18.817032+00:00
270,bigchaindb-whitepaper.pdf,bigchaindb-whitepaper.pdf,bigchaindb whitepaper,,,3541961,7bb6961da6d4272304eb54253a65f8aff831c7f72bbf97439eb45d48672e8cd6,2026-05-09T16:02:18.817032+00:00
271,bitcoin economic study.pdf,bitcoin economic study.pdf,bitcoin economic study,,,2540609,6c4dbc63e987a774a16df360d29915782668a953c495d3b5a61a6f06c0419763,2026-05-09T16:02:18.817032+00:00
272,bitcoin white paper.pdf,bitcoin white paper.pdf,bitcoin white paper,,,203078,026253fbfea9a047c4d92af1084cff93a91193c4a036baabd66ac9d90901f1c9,2026-05-09T16:02:18.817032+00:00
273,bitcoin-p2p-fanti.pdf,bitcoin-p2p-fanti.pdf,bitcoin p2p fanti,,,18737462,54e59917ab69c346bdb49659b1e73eabe764bc68384b34fd99eaed8903b1db61,2026-05-09T16:02:18.817032+00:00
274,bitcoin-protocol.pdf,bitcoin-protocol.pdf,bitcoin protocol,,,3520843,d5e8dbe69bb58e323263982125461c8481cca539e3c889a7defad220fe25cdfc,2026-05-09T16:02:18.817032+00:00
275,bitcoin_manipulation_market.pdf,bitcoin_manipulation_market.pdf,bitcoin manipulation market,,,574744,9eeedbd267ed3bea4ccd2925c0611d985e79e848b95f95ae8765c520204b9f76,2026-05-09T16:02:18.817032+00:00
276,bitfury_white_paper_on_blockchain_auditability.pdf,bitfury_white_paper_on_blockchain_auditability.pdf,bitfury white paper on blockchain auditability,,,264916,4ff72ff0b35346faf424e25c5dd539dcc65ff9834206ed3d595ae95f3bb4b3ba,2026-05-09T16:02:18.817032+00:00
277,bitfury_whitepaper_shared_send_untangling_in_bitcoin_8_24_2016(1).pdf,bitfury_whitepaper_shared_send_untangling_in_bitcoin_8_24_2016(1).pdf,bitfury whitepaper shared send untangling in bitcoin 8 24 2016(1),,,223502,170b91f8594191b0cfb2fc592cfac4533088b66910ccdedac4d75e5cffec43b4,2026-05-09T16:02:18.817032+00:00
278,bitfury_whitepaper_shared_send_untangling_in_bitcoin_8_24_2016.pdf,bitfury_whitepaper_shared_send_untangling_in_bitcoin_8_24_2016.pdf,bitfury whitepaper shared send untangling in bitcoin 8 24 2016,,,223502,170b91f8594191b0cfb2fc592cfac4533088b66910ccdedac4d75e5cffec43b4,2026-05-09T16:02:18.817032+00:00
279,bitsniffer.pdf,bitsniffer.pdf,bitsniffer,,,249350,511bfda558fec9b89b1f0069f7a38e70117c705fd2306d3ca637eae437f09b70,2026-05-09T16:02:18.817032+00:00
280,blockchain oportunities and risk .pdf,blockchain oportunities and risk .pdf,blockchain oportunities and risk,,,2161574,a6cc72f5c707cac124be979f8d565d63ba3fec887f97cedd1c9455b5904f8a5a,2026-05-09T16:02:18.817032+00:00
281,blockstack.pdf,blockstack.pdf,blockstack,,,863742,bdaeaa2626696994c157f514362df6b15a84d0b4c739439269b564c30829d381,2026-05-09T16:02:18.817032+00:00
282,blurred-lines-how-fintech-is-shaping-financial-services.pdf,blurred-lines-how-fintech-is-shaping-financial-services.pdf,blurred lines how fintech is shaping financial services,,,1538032,b04982221cd89c6084a1abab2edd84dcf0906d4b6c5921a7da6a08fa213e8885,2026-05-09T16:02:18.817032+00:00
283,clique vs aura POA.pdf,clique vs aura POA.pdf,clique vs aura POA,,,897930,f0626a22a4a81e959646dc7adc394cb6a3a91fd214c994923f10eadcf611da9e,2026-05-09T16:02:18.817032+00:00
284,coinshuffle.pdf,coinshuffle.pdf,coinshuffle,,,552015,5c558b2cb73556b62c240100f1e6ff28edf7c1578d559f80f695d17ce8c9a65c,2026-05-09T16:02:18.817032+00:00
285,corda-introductory-whitepaper-final.pdf,corda-introductory-whitepaper-final.pdf,corda introductory whitepaper final,,,1483748,492b7cf14a161b1142fb8b25a55eac4966fa3c73b73870f768296f01a47a472e,2026-05-09T16:02:18.817032+00:00
286,corda-technical-whitepaper.pdf,corda-technical-whitepaper.pdf,corda technical whitepaper,,,757717,fc5e28ebab637e246e900a0c1f2ad07f14fe02f95c6050fa3e82fda52a20019f,2026-05-09T16:02:18.817032+00:00
287,counterparty-lib-cheatsheet_9.55.pdf,counterparty-lib-cheatsheet_9.55.pdf,counterparty lib cheatsheet 9.55,,,539708,b35db1a270b0429a2544e52198bf266cda961332baf638c746c01309d0f2d034,2026-05-09T16:02:18.817032+00:00
288,dagcoin-v41.pdf,dagcoin-v41.pdf,dagcoin v41,,,272734,9dd1872de5e83ae412f3e4db33f0c7f05af88bc62bbcf181e9c849a033fbf3a4,2026-05-09T16:02:18.817032+00:00
289,decentralizedapplicationswithethereum-sample.pdf,decentralizedapplicationswithethereum-sample.pdf,decentralizedapplicationswithethereum sample,,,4620677,a05547149b7ac68a6bf0642ada63d4fa46158aa2a055cc1118adbfc688b17653,2026-05-09T16:02:18.817032+00:00
290,digital_assets_on_public_blockchains-1.pdf,digital_assets_on_public_blockchains-1.pdf,digital assets on public blockchains 1,,,200880,bf0e961f6f866b5e1a170081cd893eb5afbc3d5d9289a451ea5f5592908e6ad9,2026-05-09T16:02:18.817032+00:00
291,ecdsa_bitcoin.pdf,ecdsa_bitcoin.pdf,ecdsa bitcoin,,,645421,cecc3cbdab934bdb5a08a90fae9474b29366535ef39ee21d0e9bec848e56583a,2026-05-09T16:02:18.817032+00:00
292,eclipse attack BTC.pdf,eclipse attack BTC.pdf,eclipse attack BTC,,,967361,110380bc74d8a42ee04757e4f8ea690f2b9f0b189c22e2056c771142bcbdfc15,2026-05-09T16:02:18.817032+00:00
293,embracing-innovation-in-government.pdf,embracing-innovation-in-government.pdf,embracing innovation in government,,,9116827,8616ea633e688d9f445a459ddf103e9e2bd6d617f732e2d34e76b74b9b50ccb1,2026-05-09T16:02:18.817032+00:00
294,enigma_full.pdf,enigma_full.pdf,enigma full,,,249760,d6024e533a3e69cfecb45f0a2cd1754ab12cfac99af370654654db4b59030916,2026-05-09T16:02:18.817032+00:00
295,equibit.pdf,equibit.pdf,equibit,,,233018,f70990100b4099db6109d669aba37e79261c090901fece484f3e2d22705eaab2,2026-05-09T16:02:18.817032+00:00
296,ethereum-homestead.pdf,ethereum-homestead.pdf,ethereum homestead,,,1427998,95dcbdc44bf227e794bd4f476675c9437b0ca5f0cd222a7ab7da5d070610348b,2026-05-09T16:02:18.817032+00:00
297,ethereum_evm_illustrated.pdf,ethereum_evm_illustrated.pdf,ethereum evm illustrated,,,592578,6ace0b3f8fbf0c0a9e5b1dc6391a2a026d9acc5232c2bdac0d951abd997d6137,2026-05-09T16:02:18.817032+00:00
298,european parliment blockchain.pdf,european parliment blockchain.pdf,european parliment blockchain,,,1127318,5cd107f2c5a488bccd8f85bd6e099e4a29955c0b70c381d842a3a9d064523360,2026-05-09T16:02:18.817032+00:00
299,facebookiq_millennials_money_january2016.pdf,facebookiq_millennials_money_january2016.pdf,facebookiq millennials money january2016,,,1466183,631f58f809b035315305cc722bdc05e48636cd825c4b1786f4df2a36ff3d7d27,2026-05-09T16:02:18.817032+00:00
300,federal_reserve_Distributed ledger technology.pdf,federal_reserve_Distributed ledger technology.pdf,federal reserve Distributed ledger technology,,,728036,14b2882e7b5e8f27894220db2131b32077e06fcf4a9efe75fe5de4a05df754ef,2026-05-09T16:02:18.817032+00:00
301,file.2016_rubykaigi.pdf,file.2016_rubykaigi.pdf,file.2016 rubykaigi,,,1066847,c177dad2cd9021474400b14029da70ba70415283827bf1a1802021ca501b99d5,2026-05-09T16:02:18.817032+00:00
302,free blockchain.pdf,free blockchain.pdf,free blockchain,,,360042,c3d15bd6e8fc6972161b6d4bfbc357d978ec98f44860715f9db2c851787bb466,2026-05-09T16:02:18.817032+00:00
303,futur of finance.pdf,futur of finance.pdf,futur of finance,,,1426904,66ba119845c824abc5402e4269f73216f12fe214669ee39b6b139060984f850f,2026-05-09T16:02:18.817032+00:00
304,infinity an-intelligent-decentralized-cloud.pdf,infinity an-intelligent-decentralized-cloud.pdf,infinity an intelligent decentralized cloud,,,8266360,8174afeb0fd3f4f8747a3b6c064b97104d8c4a87ffce6b993c8c349ae0b4e042,2026-05-09T16:02:18.817032+00:00
305,intro_cryptoeconomics.pdf,intro_cryptoeconomics.pdf,intro cryptoeconomics,,,670574,f25039dda30c5bf8f7eef0f2cbf0c4e62ed1bd5cc773c08ceffd0c3c9818a32e,2026-05-09T16:02:18.817032+00:00
306,intro_to_distributed_sys.pdf,intro_to_distributed_sys.pdf,intro to distributed sys,,,1532465,6c4af9af9181ac91b621bddd7ccacaa935f7d7692607b8c67b62fa3bf1108b10,2026-05-09T16:02:18.817032+00:00
307,ipfs-p2p-file-system.pdf,ipfs-p2p-file-system.pdf,ipfs p2p file system,,,213363,206315c9e8cbcd7f35274dac32f9a310d07fd6e6b194fa4911c69dac9bf956f1,2026-05-09T16:02:18.817032+00:00
308,kotlin-docs.pdf,kotlin-docs.pdf,kotlin docs,,,1088404,b857d6b4500f690548a3b75073afe4859adcfb05262cfe7a6bf69b4dc32d93ac,2026-05-09T16:02:18.817032+00:00
309,laborx-whitepaper.pdf,laborx-whitepaper.pdf,laborx whitepaper,,,394301,da318a24b07e88dc3f00db492a833a078ed3e3fe1c8253b18a03adf0c981736a,2026-05-09T16:02:18.817032+00:00
310,lamport-paxos.pdf,lamport-paxos.pdf,lamport paxos,,,568998,cd9544e9615bcd417a2c10063671cecca0b28ad4bc5db3f64467a83ecc7028d3,2026-05-09T16:02:18.817032+00:00
311,legislation_francaise.pdf,legislation_francaise.pdf,legislation francaise,,,150779,06ec0da23e7cdba6de8576adcb1226e8c05f63abefdb282d9808d49f35318f2b,2026-05-09T16:02:18.817032+00:00
312,lightning-network-paper.pdf,lightning-network-paper.pdf,lightning network paper,,,3068667,12e5094fa9c8342b9575e4c029c4cdf13aa33350b7c4a77472ec7a1b1a2b3fb8,2026-05-09T16:02:18.817032+00:00
313,mbc13-moeser-paper.pdf,mbc13-moeser-paper.pdf,mbc13 moeser paper,,,4119849,e1f7fa204070e6dd5317be7d96e9cb261827b28014be8f8cdd41d6708c7d88fc,2026-05-09T16:02:18.817032+00:00
314,next_700_pbft.pdf,next_700_pbft.pdf,next 700 pbft,,,1390157,7785cd86caf1377255757b179968a977f0a9a5b276f286725e922e79c35d7b9d,2026-05-09T16:02:18.817032+00:00
315,open-transactions.pdf,open-transactions.pdf,open transactions,,,141895,21c52ceb84ee084e03edcd405264331a6636c675b592712f82f1002480d1f603,2026-05-09T16:02:18.817032+00:00
316,plasma.pdf,plasma.pdf,plasma,,,721612,06d86d79578f4f5a3ab414344db139b4003944a8656079a6438820ceda5d115c,2026-05-09T16:02:18.817032+00:00
317,png-t08_are_we_really_ready_for_blockchain_final.pdf,png-t08_are_we_really_ready_for_blockchain_final.pdf,png t08 are we really ready for blockchain final,,,1271226,e89878e6a913f252e42cb7f2d7699b33434486b5ea81b6692591d5ee7de3e009,2026-05-09T16:02:18.817032+00:00
318,pos-vs-pow-1.0.2.pdf,pos-vs-pow-1.0.2.pdf,pos vs pow 1.0.2,,,176107,2438a39abbf131a8469001a0726031da075dcc4b259930e6726b7cd86c555bf5,2026-05-09T16:02:18.817032+00:00
319,pow_and_pos.pdf,pow_and_pos.pdf,pow and pos,,,116332,c6a7bb7f15ab3c9aa6ff352c75ab74a5b6bcc5697c52adfc2fca2956caf188e6,2026-05-09T16:02:18.817032+00:00
320,power-fault-tolerance.pdf,power-fault-tolerance.pdf,power fault tolerance,,,255091,b825da4ebf94b3e789b8dca4d7ac4b19f2ba063b0b7a4eecf3cabbe64811f912,2026-05-09T16:02:18.817032+00:00
321,preneel_blockchain_march2017v1.pdf,preneel_blockchain_march2017v1.pdf,preneel blockchain march2017v1,,,3750256,768da002cb53e8408f724d0d9e93c92a6948e8f92c9ee6829de00b94bfa2976a,2026-05-09T16:02:18.817032+00:00
322,presentation_Bitcoin.pdf,presentation_Bitcoin.pdf,presentation Bitcoin,,,6225597,90787da5c3aa09a7e85b76f97f9e7368949e3956b25b33c43d1deebf79fc76a4,2026-05-09T16:02:18.817032+00:00
323,princeton_bitcoin_book.pdf,princeton_bitcoin_book.pdf,princeton bitcoin book,,,18894056,4371b745c56c9c71e6876234c0d37881204507465ac0fed0da35a753150bbcc7,2026-05-09T16:02:18.817032+00:00
324,privacy in bitcoin.pdf,privacy in bitcoin.pdf,privacy in bitcoin,,,962233,7f08f9013dc005a4d18cd52c74cd99e2c3f394cccc9ae209c9151975c1a61b8d,2026-05-09T16:02:18.817032+00:00
325,public-vs-private-pt1-1.pdf,public-vs-private-pt1-1.pdf,public vs private pt1 1,,,162464,1e852d63bbbaebc4fb2120d1741645c86c21da0777c90220c903d1307e6ab18f,2026-05-09T16:02:18.817032+00:00
326,public-vs-private-pt2-1.pdf,public-vs-private-pt2-1.pdf,public vs private pt2 1,,,132674,7c3c3fd416ab79a8c4e437d74b8a140a54c62617e4d2debb9bdb0d8d066842b0,2026-05-09T16:02:18.817032+00:00
327,pwc_blockchain_opportunity_for_energy_producers_and_consumers_en.pdf,pwc_blockchain_opportunity_for_energy_producers_and_consumers_en.pdf,pwc blockchain opportunity for energy producers and consumers en,,,3877894,29b6073be86cff8598f1ac029d4b3388cd43c0f2568f98e84c211c85d3529056,2026-05-09T16:02:18.817032+00:00
328,qrp-secure-authentication.pdf,qrp-secure-authentication.pdf,qrp secure authentication,,,374712,d1093dce4761c36811a9b8dfe4f4843a7001c9d733ada95833164fa1946c2492,2026-05-09T16:02:18.817032+00:00
329,rafte_Consensus Algorithm.pdf,rafte_Consensus Algorithm.pdf,rafte Consensus Algorithm,,,567533,5a5c679b6a7c88007faeff8c3eef19a77e9e5caa8bd7390922584fe8ecf0ce1f,2026-05-09T16:02:18.817032+00:00
330,secret sharing.pdf,secret sharing.pdf,secret sharing,,,107061,ab8ad97517c4419cc694c14be78d1b78e5e539587600c54550ae443e24158bcf,2026-05-09T16:02:18.817032+00:00
331,securities-law-framework.pdf,securities-law-framework.pdf,securities law framework,,,1052858,00084b4bb50012cb4d944c7671bc733bc73e4dd7b5877e74ca207006b863d2b1,2026-05-09T16:02:18.817032+00:00
332,shared_send_untangling_in_bitcoin_8_24_2016.pdf,shared_send_untangling_in_bitcoin_8_24_2016.pdf,shared send untangling in bitcoin 8 24 2016,,,223502,170b91f8594191b0cfb2fc592cfac4533088b66910ccdedac4d75e5cffec43b4,2026-05-09T16:02:18.817032+00:00
333,sidechains.pdf,sidechains.pdf,sidechains,,,263065,680c71aef9ed578720e25c58fd50de5cdbee755c3800e7601dad9a745ca65cf3,2026-05-09T16:02:18.817032+00:00
334,simplicity.pdf,simplicity.pdf,simplicity,,,384817,809ccf026dd33644c97f26cee15e47201a9cbff045c3de472baeeeb656e8be67,2026-05-09T16:02:18.817032+00:00
335,smart_contract_templates.pdf,smart_contract_templates.pdf,smart contract templates,,,722180,c3946904adcbffd73c8bc68c46d482ad57b543e249b5ff691cc39aa9cef9dff8,2026-05-09T16:02:18.817032+00:00
336,smart_contracts_in_finance.pdf,smart_contracts_in_finance.pdf,smart contracts in finance,,,1839118,49dc288249430a477d17d0ecfa3ac56e7e5cc31392b3dd4117fa8cf85fd40a7a,2026-05-09T16:02:18.817032+00:00
337,solidity documentation.pdf,solidity documentation.pdf,solidity documentation,,,451599,5988ca0c2b1330f1a4da12c640fc2d39f41197f88b91936741426d680cd47f80,2026-05-09T16:02:18.817032+00:00
338,solidity.pdf,solidity.pdf,solidity,,,496468,d5c1f8949373080c7a38d3d9eb539fe204f7f969748d19d310c15f26d64c67ab,2026-05-09T16:02:18.817032+00:00
339,stellar-consensus-protocol.pdf,stellar-consensus-protocol.pdf,stellar consensus protocol,,,200012,60fd1e91de7e0b7ad302a2e00321838bd9ce7008996006397824a71b6c8cbff1,2026-05-09T16:02:18.817032+00:00
340,syscoin.pdf,syscoin.pdf,syscoin,,,417509,d3e98c7d37b89ca70defbd3b5e27f3270188c111e6544b28b0fd720214a59aef,2026-05-09T16:02:18.817032+00:00
341,tangle.pdf,tangle.pdf,tangle,,,326276,85f60c5926e9ead8a24520e3270f3b02fa547338b36e1e702f63e5fe9b543353,2026-05-09T16:02:18.817032+00:00
342,training_plan.pdf,training_plan.pdf,training plan,,,66068,b8796664fcea4124a2b9769a253caf7a6d3a1a5e21600e8bd10d54a46a9774f7,2026-05-09T16:02:18.817032+00:00
343,ubiq-report.pdf,ubiq-report.pdf,ubiq report,,,2687998,c6b8cedee6e38a514e4b8c7a9b3bc1aec35b09fa81d0c25613b6ff366e8b3bd0,2026-05-09T16:02:18.817032+00:00
344,universal-payment-channels.pdf,universal-payment-channels.pdf,universal payment channels,,,1091902,f2bdf0949a7b9d5e344c75e564a5f90430f31c33d7e3f7d41a9648f8b2134d39,2026-05-09T16:02:18.817032+00:00
345,us-fsi-blockchain-risk-management.pdf,us-fsi-blockchain-risk-management.pdf,us fsi blockchain risk management,,,606317,e780bc6a4f8e70f765c7a9fc1fa4d66f01291c2f09744ddde251fe7bc71e93ab,2026-05-09T16:02:18.817032+00:00
346,useful proof of work.pdf,useful proof of work.pdf,useful proof of work,,,542046,4f4ed77f30762864beb6ae3e235c980aeb1cecb3b61c9a2b35549b642fec5507,2026-05-09T16:02:18.817032+00:00
347,utxo analysis.pdf,utxo analysis.pdf,utxo analysis,,,567740,0f439a2113ca821d6c7694e273e774d656f5a25267207678ce32fa3984c1d11a,2026-05-09T16:02:18.817032+00:00
348,vitalik.ca_files_mauve_paper.pdf,vitalik.ca_files_mauve_paper.pdf,vitalik.ca files mauve paper,,,221447,7a9dc22f4c8ef0b608c447fdec7a6169a062c8acf443f15538d687b77bfd706c,2026-05-09T16:02:18.817032+00:00
349,whitepaper crypto note.pdf,whitepaper crypto note.pdf,whitepaper crypto note,,,459122,30368fe727b58f341d3f2590bf4ab3f5e28321e1eafabb78852e799ac0257349,2026-05-09T16:02:18.817032+00:00
350,whitepaper_chronobank.pdf,whitepaper_chronobank.pdf,whitepaper chronobank,,,362014,cbecd9df481048eca42ff17d095d5e987eaa068f056b6d51cab5a9e5c8db651d,2026-05-09T16:02:18.817032+00:00
351,zero proof of K.pdf,zero proof of K.pdf,zero proof of K,,,263151,80ca6eae236f82e19f4344c3e9718031934885af192a2452cb58caf1dfe61f0c,2026-05-09T16:02:18.817032+00:00
352,zkSNARKs in a Nutshell.pdf,zkSNARKs in a Nutshell.pdf,zkSNARKs in a Nutshell,,,228568,e320e3ca427cca6958e70b89841080667596af44b3bb3ef01760f8f66a94e67e,2026-05-09T16:02:18.817032+00:00
353,æternity-blockchain-whitepaper.pdf,æternity-blockchain-whitepaper.pdf,æternity blockchain whitepaper,,,199428,6f19ff5a1e09c552622b418bb1e45a2dba4bd40185c00c41f61a2a44be0a127f,2026-05-09T16:02:18.817032+00:00
